,Unnamed: 0,lat,lon,date,temp,precip,is_fire
0,0,37.857,-120.086,8/17/2013,22.0,0.0,True
1,0,34.585595,-118.423176,5/30/2013,23.0,0.0,True
2,0,33.7095,-116.72885,7/15/2013,35.1,0.0,True
3,0,39.12,-120.65,8/10/2013,17.8,0.0,True
4,0,37.279,-119.318,7/22/2013,25.0,0.0,True
5,0,33.86157,-116.90427,8/7/2013,26.7,0.0,True
6,0,41.32,-123.176,7/31/2013,21.4,0.21,True
7,0,41.035,-123.488,8/10/2013,13.4,0.0,True
8,0,40.04263,-121.85397,8/23/2013,24.7,0.0,True
9,0,40.498332,-122.535496,9/9/2013,30.1,0.0,True
10,0,32.95435,-116.47381,7/6/2013,20.7,0.0,True
11,0,40.190062,-121.595555,5/1/2013,21.7,0.0,True
12,0,34.7861,-118.9411,5/15/2013,20.0,0.0,True
13,0,34.7861,-118.9411,5/15/2013,20.0,0.0,True
14,0,38.8167,-122.8498,11/22/2013,17.4,0.0,True
15,0,34.288877,-116.941311,5/1/2013,11.4,0.0,True
16,0,37.90757,-121.882582,9/8/2013,23.8,0.0,True
17,0,33.12111,-116.52579,5/23/2013,17.2,0.0,True
18,0,39.446268,-121.38236,8/16/2013,26.8,0.0,True
19,0,33.341,-117.3092,10/5/2013,22.9,0.0,True
20,0,36.208,-118.444,8/24/2013,24.9,0.0,True
21,0,34.55048,-119.82429,5/27/2013,19.1,0.0,True
22,0,37.58202,-119.91071,6/16/2013,17.8,0.0,True
23,0,33.62236,-117.40288,8/5/2013,21.4,0.38,True
24,0,33.04458,-116.5209,5/26/2013,16.1,0.0,True
25,0,38.25108,-120.02778,8/5/2013,19.8,0.0,True
26,0,35.707,-118.588,8/18/2013,27.2,0.04,True
27,0,34.882,-118.9194,7/19/2013,27.0,0.0,True
28,0,34.49149,-118.610044,5/17/2013,17.5,0.0,True
29,0,34.90327,-118.93388,7/23/2013,25.6,0.0,True
30,0,38.774,-120.298,7/8/2013,22.6,0.0,True
31,0,34.071556,-117.048397,6/28/2013,26.8,0.0,True
32,0,40.00842,-120.764666,8/18/2013,23.2,0.0,True
33,0,33.894055,-116.855019,5/4/2013,20.3,0.0,True
34,0,41.2415,-121.035,7/3/2013,27.1,0.0,True
35,0,35.15832,-120.05131,6/1/2013,18.2,0.0,True
36,0,37.96866,-121.91453,7/1/2013,26.5,0.0,True
37,0,37.015575,-119.78106,6/16/2013,24.7,0.0,True
38,0,34.302,-117.598,8/20/2013,25.2,0.0,True
39,0,36.602575,-118.01651,2/24/2013,11.4,0.0,True
40,0,38.628,-122.289,10/3/2013,17.9,0.0,True
41,0,37.160346,-120.937494,5/3/2013,23.5,0.0,True
42,0,39.439,-121.497,10/4/2013,19.7,0.0,True
43,0,38.04993,-120.90325,5/30/2013,20.5,0.0,True
44,0,39.434183,-121.576804,6/3/2013,27.2,0.0,True
45,0,39.90465,-121.74367,7/1/2013,32.6,0.0,True
46,0,37.116295,-119.635004,4/30/2013,22.5,0.0,True
47,0,34.149,-117.908,9/23/2013,23.5,0.0,True
48,0,32.710918,-116.746023,9/9/2013,20.8,0.0,True
49,0,34.35,-117.62,8/8/2013,22.0,0.0,True
50,0,37.775057,-121.737213,6/8/2013,26.5,0.0,True
51,0,38.729297,-121.380862,6/13/2013,21.1,0.0,True
52,0,39.514139,-122.560862,5/1/2013,21.0,0.0,True
53,0,34.2,-117.417,9/24/2013,23.9,0.0,True
54,0,40.012398,-122.079871,7/4/2013,36.5,0.0,True
55,0,40.5445,-121.3754,8/19/2013,30.8,0.0,True
56,0,39.961309,-122.330879,7/19/2013,29.2,0.0,True
57,0,38.382,-122.311,11/21/2013,13.0,0.0,True
58,0,34.611824,-120.074655,5/28/2013,17.1,0.0,True
59,0,38.67479,-122.08725,11/4/2013,15.6,0.0,True
60,0,38.63987,-121.08438,7/19/2013,26.8,0.0,True
61,0,38.63987,-121.08438,7/19/2013,26.8,0.0,True
62,0,38.34599,-122.6503,10/4/2013,21.1,0.0,True
63,0,38.17693,-122.51253,7/26/2013,17.0,0.0,True
64,0,33.990128,-117.164997,7/16/2013,24.6,0.0,True
65,0,37.436,-121.1955,7/12/2013,23.3,0.0,True
66,0,36.7218,-119.2248,6/25/2013,26.2,0.0,True
67,0,34.419284,-118.58688,5/28/2013,21.2,0.3,True
68,0,36.258,-118.459,9/8/2013,27.1,0.0,True
69,0,38.638828,-122.655616,5/1/2013,21.3,0.0,True
70,0,38.08744,-122.13802,6/18/2013,17.0,0.0,True
71,0,37.03776,-121.006939,6/4/2013,19.1,0.0,True
72,0,33.963591,-117.187934,5/25/2013,16.8,0.0,True
73,0,38.882214,-122.567525,11/8/2013,12.1,0.0,True
74,0,38.682378,-120.839075,8/16/2013,26.2,0.0,True
75,0,34.287,-117.451,8/17/2013,27.2,0.0,True
76,0,36.772425,-119.628389,6/13/2013,24.3,0.0,True
77,0,36.1531,-120.8973,6/29/2013,31.3,0.0,True
78,0,37.91529,-120.33313,6/2/2013,24.4,0.0,True
79,0,32.564465,-116.900368,5/22/2013,17.6,0.0,True
80,0,38.9252,-122.966,9/28/2013,16.1,0.0,True
81,0,41.73325,-120.375,9/5/2013,15.2,0.0,True
82,0,33.642,-116.706,8/24/2013,29.5,0.23,True
83,0,40.88886,-120.958126,8/9/2013,13.0,2.45,True
84,0,38.27783,-120.966016,6/12/2013,21.5,0.0,True
85,0,35.4393,-120.8358,9/24/2013,19.1,0.0,True
86,0,39.6612,-121.50354,8/1/2013,23.2,0.0,True
87,0,37.1927,-119.7917,5/19/2013,21.5,0.0,True
88,0,33.9582,-116.6534,5/21/2013,29.1,0.0,True
89,0,35.62743,-120.83417,7/7/2013,19.6,0.0,True
90,0,39.0442,-123.1478,11/22/2013,18.0,0.0,True
91,0,39.731878,-121.713938,8/31/2013,27.7,0.0,True
92,0,34.316,-117.352,7/25/2013,24.0,0.0,True
93,0,37.169379,-119.75636,6/12/2013,25.2,0.0,True
94,0,34.1834,-117.4408,5/13/2013,29.5,0.0,True
95,0,38.441792,-122.350844,4/30/2013,20.1,0.0,True
96,0,34.003151,-117.106075,9/11/2013,20.4,0.0,True
97,0,39.206,-121.31634,7/8/2013,25.6,0.0,True
98,0,39.013682,-122.491894,8/16/2013,23.5,0.0,True
99,0,41.569,-120.959,9/7/2013,16.1,0.0,True
100,0,34.384,-119.13249,11/14/2013,17.2,0.0,True
101,0,38.838,-116.61,8/6/2013,22.4,0.0,True
102,0,33.91027,-116.99895,8/4/2013,21.6,0.0,True
103,0,39.333401,-121.107022,8/31/2013,25.3,0.0,True
104,0,35.457978,-120.751555,11/8/2013,13.3,0.0,True
105,0,39.0448,-122.7656,11/23/2013,11.9,0.0,True
106,0,41.923323,-122.578393,8/15/2013,22.9,0.0,True
107,0,37.1438,-121.7804,7/12/2013,16.1,0.0,True
108,0,37.7393,-121.5869,7/4/2013,29.0,0.0,True
109,0,35.5123,-120.6368,5/25/2013,14.0,0.0,True
110,0,38.06231,-120.45233,8/17/2013,25.8,0.0,True
111,0,37.03087,-119.463757,6/17/2013,25.2,0.0,True
112,0,38.980846,-123.067671,7/23/2013,23.2,0.0,True
113,0,40.373,-122.7338,7/9/2013,27.2,0.0,True
114,0,33.96936,-117.1265,6/8/2013,20.5,0.0,True
115,0,37.667295,-122.427285,9/7/2013,20.7,0.0,True
116,0,37.342186,-121.717706,12/31/2013,8.2,0.0,True
117,0,33.7655,-117.6649,10/6/2013,22.6,0.0,True
118,0,33.570291,-116.10815,8/16/2013,37.7,0.0,True
119,0,33.9634,-117.2508,7/19/2013,25.1,0.0,True
120,0,34.001745,-117.302057,6/14/2013,20.4,0.0,True
121,0,33.655638,-116.161201,5/16/2013,28.7,0.0,True
122,0,38.89555,-120.84716,8/24/2013,22.7,0.0,True
123,0,39.1591,-122.5906,8/7/2013,17.5,0.0,True
124,0,37.74241,-121.86216,7/6/2013,19.0,0.0,True
125,0,36.763367,-119.558244,6/13/2013,24.3,0.0,True
126,0,35.49864,-120.91375,5/20/2013,20.8,0.0,True
127,0,40.483662,-122.140914,11/7/2013,14.8,0.0,True
128,0,37.965364,-120.696362,7/22/2013,25.3,0.07,True
129,0,38.9777,-122.683,9/15/2013,18.4,0.0,True
130,0,38.99233,-122.703193,6/5/2013,18.5,0.0,True
131,0,34.288877,-116.941311,4/20/2013,10.0,0.0,True
132,0,38.4229,-122.0437,6/10/2013,17.2,0.04,True
133,0,38.4229,-122.0437,6/10/2013,17.2,0.04,True
134,0,38.4229,-122.0437,6/10/2013,17.2,0.04,True
135,0,38.4229,-122.0437,6/10/2013,17.2,0.04,True
136,0,40.473356,-122.48259,8/14/2013,27.9,0.0,True
137,0,32.612773,-116.707335,7/28/2013,18.4,0.0,True
138,0,38.98058,-122.81796,6/20/2013,17.6,0.0,True
139,0,33.96201,-116.907213,5/20/2013,20.9,0.0,True
140,0,38.9289,-122.5818,11/23/2013,12.7,0.0,True
141,0,33.94528,-117.09306,7/19/2013,24.8,0.0,True
142,0,41.333,-123.376,8/3/2013,17.1,0.19,True
143,0,33.99647,-116.84137,6/9/2013,24.1,0.0,True
144,0,38.805437,-120.629714,9/13/2014,27.5,0.0,True
145,0,40.901,-121.368,7/30/2014,24.7,0.6,True
146,0,42.048,-122.345,7/30/2014,26.1,0.18,True
147,0,40.72,-121.562,7/31/2014,32.6,0.0,True
148,0,41.1336,-121.2144,7/30/2014,23.9,0.0,True
149,0,40.4314,-122.750788,7/11/2014,26.7,0.15,True
150,0,38.512,-122.104,7/4/2014,22.4,0.0,True
151,0,41.141,-122.805,7/30/2014,25.3,0.03,True
152,0,41.682,-122.127,7/31/2014,25.7,0.0,True
153,0,33.3529,-117.284889,5/14/2014,25.2,0.0,True
154,0,38.664,-122.454,7/1/2014,17.5,0.0,True
155,0,38.664,-122.454,7/1/2014,17.5,0.0,True
156,0,38.5691,-120.7819,7/25/2014,27.1,0.0,True
157,0,38.5691,-120.7819,7/25/2014,27.1,0.0,True
158,0,35.7206,-118.4747,8/18/2014,28.2,0.0,True
159,0,35.70683,-118.555527,6/13/2014,22.8,0.0,True
160,0,34.169346,-117.547374,4/30/2014,26.3,0.0,True
161,0,33.1137,-117.1599,5/14/2014,27.8,0.0,True
162,0,34.1703,-117.8816,1/16/2014,19.8,0.0,True
163,0,35.642,-118.15,7/11/2014,27.3,0.0,True
164,0,41.89,-120.79,7/1/2014,25.1,0.0,True
165,0,33.003,-117.133,5/13/2014,26.1,0.0,True
166,0,41.489,-120.904,7/3/2014,23.4,0.0,True
167,0,33.417572,-117.550567,5/16/2014,22.6,0.0,True
168,0,40.7101,-122.171,9/10/2014,26.4,0.0,True
169,0,33.748,-117.601,9/12/2014,26.1,0.0,True
170,0,40.134597,-121.790183,1/2/2014,9.5,0.0,True
171,0,34.609,-120.454,5/13/2014,20.8,0.0,True
172,0,37.3433,-119.6581,8/18/2014,25.2,0.0,True
173,0,33.1109,-117.279,5/14/2014,28.8,0.0,True
174,0,40.7412,-122.946,8/24/2014,23.8,0.0,True
175,0,41.42384,-122.37432,9/15/2014,20.9,0.0,True
176,0,37.76617,-120.45087,6/4/2014,23.5,0.0,True
177,0,36.6313,-121.4819,3/19/2014,14.9,0.0,True
178,0,33.312,-117.162,5/14/2014,25.8,0.0,True
179,0,40.884415,-123.773779,1/4/2014,6.9,0.0,True
180,0,37.311915,-119.604124,9/14/2014,27.9,0.0,True
181,0,37.0,40.34,10/7/2014,23.1,0.0,True
182,0,34.267,-117.867,8/17/2014,28.1,0.0,True
183,0,37.787,-120.452,6/5/2014,25.3,0.0,True
184,0,39.113682,-120.999508,9/13/2014,26.7,0.0,True
185,0,40.009827,-122.345078,6/13/2014,24.1,0.0,True
186,0,33.078948,-116.576454,7/3/2014,23.1,0.0,True
187,0,41.134,-123.753,9/12/2014,11.6,0.0,True
188,0,34.235,-117.771,8/14/2014,25.1,0.0,True
189,0,39.1647,-122.5983,5/25/2014,21.7,0.0,True
190,0,40.6569,-122.2215,7/9/2014,30.7,0.0,True
191,0,37.7103,-120.197,6/10/2014,25.8,0.0,True
192,0,32.81,-116.49,3/8/2014,18.1,0.0,True
193,0,120.679019,38.178241,6/20/2014,,,True
194,0,37.399,-118.352,4/19/2014,17.7,0.0,True
195,0,36.8266,-119.3415,1/25/2014,14.9,0.0,True
196,0,41.507,-121.266,8/12/2014,18.1,1.1,True
197,0,38.59,-120.028,9/14/2014,17.6,0.0,True
198,0,38.058,-120.66,6/22/2014,21.7,0.07,True
199,0,39.3918,-120.0805,8/18/2014,17.8,0.0,True
200,0,37.5359,-121.5118,7/11/2014,19.7,0.0,True
201,0,40.5719,-121.3415,7/5/2014,22.0,0.0,True
202,0,36.103,-121.117,4/30/2014,22.6,0.0,True
203,0,39.4664,-121.6129,7/14/2014,32.2,0.0,True
204,0,37.8316,-120.3434,9/4/2014,23.3,0.0,True
205,0,121.999,38.453,6/12/2014,,,True
206,0,33.5982,-116.1985,3/28/2014,20.1,0.0,True
207,0,40.39,-122.721,5/14/2014,24.7,0.0,True
208,0,33.93869,-117.70643,10/16/2014,18.8,0.0,True
209,0,35.8218,-121.0226,7/7/2014,24.5,0.0,True
210,0,36.991825,-119.525506,6/9/2014,32.7,0.0,True
211,0,39.1871,-121.2687,7/7/2014,28.0,0.0,True
212,0,38.608336,-120.703238,7/9/2014,27.2,0.0,True
213,0,32.665,-116.222,5/5/2014,24.2,0.0,True
214,0,38.695961,-122.384054,9/11/2014,21.1,0.0,True
215,0,40.0,29.24,8/29/2014,23.4,0.0,True
216,0,36.742747,-119.241493,6/11/2014,27.7,0.0,True
217,0,38.9195001,-120.1140659,9/25/2014,13.4,4.56,True
218,0,32.59154,-116.89516,8/16/2014,23.9,0.0,True
219,0,40.41,-123.24,7/1/2014,26.1,0.0,True
220,0,37.0,18.4,8/26/2014,26.0,0.0,True
221,0,41.796,-123.374,8/11/2014,21.7,0.0,True
222,0,36.874,-118.905,7/31/2015,29.7,0.1,True
223,0,38.8863538,-122.4762475,7/29/2015,23.7,0.0,True
224,0,34.16027778,-116.8927778,6/17/2015,21.5,0.0,True
225,0,38.8142503,-122.4867319,8/9/2015,20.4,0.0,True
226,0,38.8142503,-122.4867319,8/9/2015,20.4,0.0,True
227,0,40.938,-120.105,8/3/2015,21.5,0.0,True
228,0,36.24,-118.54,7/19/2015,26.7,0.0,True
229,0,37.279722,-119.50014,7/25/2015,23.9,0.0,True
230,0,41.399,-121.392,7/30/2015,23.0,0.0,True
231,0,34.339,-117.478,7/17/2015,25.5,0.0,True
232,0,37.3845,-121.3732,8/19/2015,22.1,0.0,True
233,0,35.3477,-120.6269,8/16/2015,23.1,0.0,True
234,0,39.192088,-120.882313,7/25/2015,20.9,0.0,True
235,0,40.924,-123.168,6/10/2015,19.0,0.0,True
236,0,36.3699644,-121.589554,9/19/2015,19.2,0.0,True
237,0,33.884313,-117.642759,4/18/2015,17.7,0.0,True
238,0,39.5218,-121.3363,9/11/2015,29.6,0.0,True
239,0,37.165767,-119.523943,6/18/2015,27.2,0.0,True
240,0,55.23,-122.0,9/2/2015,5.1,0.0,True
241,0,36.70854,-121.32734,10/12/2015,20.3,0.0,True
242,0,33.5736,-116.5387,8/10/2015,32.2,0.0,True
243,0,36.085212,-118.824235,7/21/2015,29.6,0.0,True
244,0,34.361007,-118.535793,6/24/2015,24.5,0.0,True
245,0,39.43963,-121.38794,7/29/2015,31.0,0.0,True
246,0,37.08312,-121.06963,5/11/2015,15.7,0.0,True
247,0,38.925764,-122.879272,8/22/2015,19.3,0.0,True
248,0,33.7626,-117.7274,7/13/2015,22.9,0.0,True
249,0,40.415108,-122.439939,7/29/2015,33.8,0.0,True
250,0,37.823,-120.15644,7/29/2015,27.2,0.0,True
251,0,34.367,-117.683,7/17/2015,25.6,0.0,True
252,0,41.485,-121.851,2/24/2015,4.3,0.0,True
253,0,37.81629,-121.68113,7/30/2015,25.6,0.0,True
254,0,41.8048,-122.5029,7/13/2015,19.5,14.42,True
255,0,32.9421,-116.8534,6/17/2015,21.7,0.0,True
256,0,40.400196,-120.553075,9/9/2015,21.8,0.0,True
257,0,39.8448,-122.3638,7/4/2015,31.7,0.0,True
258,0,33.383889,-116.868611,7/24/2015,22.5,0.0,True
259,0,41.295667,-123.784067,7/24/2015,14.9,0.0,True
260,0,39.2688,-121.26471,6/18/2015,25.6,0.0,True
261,0,38.4113,-122.0789,7/6/2015,23.3,0.0,True
262,0,40.1058823,-124.0720419,8/18/2015,14.5,0.0,True
263,0,40.05083333,-120.7016667,4/13/2015,7.8,0.0,True
264,0,37.072561,-119.6958,6/21/2015,27.5,0.0,True
265,0,40.724898,-122.96174,8/25/2015,25.1,0.0,True
266,0,41.29226,-121.172117,7/23/2015,18.9,0.0,True
267,0,38.052,-120.5577,8/13/2015,23.9,0.0,True
268,0,37.83618,-120.61691,8/15/2015,27.0,0.0,True
269,0,40.3506868,-121.7786799,8/8/2015,26.6,0.0,True
270,0,40.47512,-122.52541,9/11/2015,29.1,0.0,True
271,0,38.04684,-120.30188,9/8/2015,24.5,0.0,True
272,0,39.8707,-121.8938,10/2/2015,22.0,0.0,True
273,0,34.165974,-117.243878,6/25/2015,26.4,0.0,True
274,0,36.5696373,-121.7556029,9/19/2015,18.6,0.0,True
275,0,35.7183,-121.0157,7/10/2015,19.0,0.0,True
276,0,40.49865,-122.20109,7/30/2015,33.7,0.0,True
277,0,36.49845,-118.9009,7/30/2015,30.0,0.0,True
278,0,32.6449163,-116.9454387,6/26/2015,20.6,0.0,True
279,0,40.856422,-121.101623,7/23/2015,16.7,0.0,True
280,0,40.67868,-121.93244,8/2/2015,27.6,0.0,True
281,0,40.509552,-122.199227,7/29/2015,34.3,0.0,True
282,0,38.776,-120.404,7/23/2015,19.1,0.0,True
283,0,26.42,-121.0,9/2/2015,22.3,0.0,True
284,0,35.77937,-120.19482,6/15/2015,21.1,0.0,True
285,0,40.875667,-121.033667,6/19/2015,20.1,0.0,True
286,0,38.260777,-121.135426,6/16/2015,23.0,0.05,True
287,0,40.3929,-122.40546,8/3/2015,27.8,0.0,True
288,0,34.23,-116.883,8/23/2015,17.9,0.0,True
289,0,33.4115972,-117.2886249,8/9/2015,19.7,0.0,True
290,0,40.0133,-122.552,6/17/2015,29.2,0.0,True
291,0,34.0783472,-117.0487863,7/12/2015,18.7,0.0,True
292,0,34.9522,-120.2903,8/1/2015,19.3,0.0,True
293,0,34.15,-118.879444,11/7/2015,20.0,0.05,True
294,0,39.43301,-123.36316,7/30/2015,26.3,0.0,True
295,0,40.400196,-120.553075,9/9/2015,21.8,0.0,True
296,0,37.24523,-121.20324,7/28/2015,24.1,0.0,True
297,0,38.1029,-122.1578,7/10/2015,18.7,0.0,True
298,0,38.5287,-122.3415,6/16/2015,18.6,0.0,True
299,0,40.0,41.46,9/8/2015,19.1,0.0,True
300,0,39.7806004,-123.248214,6/28/2015,24.1,0.0,True
301,0,39.081,-121.194,9/22/2015,24.2,0.0,True
302,0,41.12362,-121.194256,8/29/2015,20.7,0.0,True
303,0,39.33303,-121.18735,8/3/2015,24.0,0.0,True
304,0,38.9361,-121.1548,7/22/2015,24.2,0.0,True
305,0,32.682547,-116.51684,7/24/2015,22.9,0.0,True
306,0,36.8727,-121.5681,7/20/2015,23.5,0.0,True
307,0,33.21407,-116.73472,7/16/2015,20.4,0.0,True
308,0,41.999341,-121.891226,7/21/2015,21.3,0.43,True
309,0,39.0263,-123.303,7/4/2015,24.7,0.0,True
310,0,38.831478,-122.53428,8/24/2015,20.2,0.0,True
311,0,34.4828,-119.63216,10/29/2015,21.5,0.0,True
312,0,33.986204,-117.43942,7/12/2015,23.9,0.0,True
313,0,41.1513,-123.8292,6/10/2015,12.8,0.0,True
314,0,38.519132,-122.181878,6/27/2015,22.8,0.0,True
315,0,40.5953,-122.4397,7/7/2015,27.3,0.0,True
316,0,40.1093,-123.774,7/28/2015,17.4,0.0,True
317,0,38.598056,-119.751944,6/19/2015,20.0,0.0,True
318,0,36.45994,-121.89938,7/22/2016,15.1,0.0,True
319,0,35.6115,-118.45628,6/23/2016,27.5,0.14,True
320,0,35.70595,-120.98316,8/13/2016,24.2,0.0,True
321,0,34.30372,-117.49342,8/16/2016,28.7,0.0,True
322,0,41.851,-123.118,8/27/2016,23.9,0.0,True
323,0,35.7506,-118.5678,8/16/2016,27.6,0.0,True
324,0,34.63445,-120.54421,9/17/2016,15.4,0.0,True
325,0,34.28771,-117.27338,8/7/2016,21.5,0.0,True
326,0,32.60729,-116.63028,6/19/2016,26.4,0.0,True
327,0,34.776,-119.643,6/15/2016,16.2,0.1,True
328,0,36.09974,-120.51057,8/9/2016,21.0,0.0,True
329,0,38.52513,-122.06788,8/2/2016,22.9,0.0,True
330,0,38.96741,-120.9375,6/28/2016,29.7,0.0,True
331,0,38.96741,-120.9375,6/28/2016,29.7,0.0,True
332,0,37.75985,-118.95309,9/17/2016,14.9,0.0,True
333,0,34.31,-118.335,11/14/2016,21.6,0.0,True
334,0,37.10632,-121.85318,9/26/2016,25.0,0.0,True
335,0,35.984,-118.551,10/29/2016,18.8,0.0,True
336,0,38.89741,-122.60664,8/13/2016,19.3,0.05,True
337,0,36.38123,-121.20059,5/22/2016,14.0,0.05,True
338,0,36.0749,-120.452041,7/1/2016,25.9,0.0,True
339,0,41.623,-123.557,6/7/2016,13.3,0.36,True
340,0,41.2649,-120.3178,9/17/2016,16.3,0.0,True
341,0,40.3915,-120.7845,9/11/2016,19.4,0.0,True
342,0,36.01542,-121.25029,6/4/2016,21.4,0.0,True
343,0,34.701,-119.144,6/30/2016,22.2,0.05,True
344,0,37.01591,-119.50507,7/30/2016,32.3,0.0,True
345,0,36.94536,-119.25959,10/11/2016,19.4,0.0,True
346,0,35.20993,-118.72272,7/1/2016,27.4,0.0,True
347,0,38.80017,-122.82895,9/25/2016,21.5,0.0,True
348,0,37.07147,-121.20155,6/25/2016,20.1,0.0,True
349,0,33.393,-117.35093,7/21/2016,24.8,0.0,True
350,0,34.36763,-118.57245,7/9/2016,23.9,0.0,True
351,0,37.79635,-120.32484,9/26/2016,23.6,0.0,True
352,0,39.6871,-121.571,9/5/2016,21.9,0.0,True
353,0,41.7813,-122.611,8/24/2016,21.0,0.0,True
354,0,37.97,-119.14,6/25/2016,18.4,0.0,True
355,0,41.28486,-123.82268,8/22/2016,12.1,0.0,True
356,0,34.913,118.9082,7/8/2016,26.5,0.3,True
357,0,39.6708,-121.7192,8/2/2016,26.0,0.0,True
358,0,35.2013,-118.7212,8/26/2016,22.6,0.0,True
359,0,40.0353,-122.56939,6/30/2016,32.4,0.1,True
360,0,38.1874,-120.6381,8/28/2016,22.8,0.0,True
361,0,40.36873,-122.72913,7/8/2016,23.3,0.0,True
362,0,36.16965,-121.38775,8/18/2016,15.6,0.0,True
363,0,36.1648,-118.73906,8/22/2016,25.8,0.0,True
364,0,41.4657,-120.9066,9/11/2016,17.7,0.0,True
365,0,38.385,-121.003611,6/28/2016,28.6,0.0,True
366,0,40.30594,-122.1295,9/13/2016,18.0,0.0,True
367,0,38.08056,-120.81394,7/12/2016,24.2,0.0,True
368,0,38.02845,-120.61153,7/2/2016,26.9,0.0,True
369,0,35.4976,-118.5097,8/28/2016,24.0,0.0,True
370,0,39.188321,-121.78003,9/20/2016,26.4,0.0,True
371,0,36.88286,-119.654,5/25/2016,18.6,0.0,True
372,0,38.69971,-122.15457,6/26/2016,27.6,0.0,True
373,0,39.92,-121.32,9/26/2016,26.1,0.0,True
374,0,35.68313,-118.21793,7/13/2016,27.1,0.0,True
375,0,34.75134,-120.55297,9/22/2016,14.4,0.13,True
376,0,39.12366,-122.50373,6/26/2016,23.5,0.0,True
377,0,37.74369,-121.58677,6/25/2016,24.6,0.0,True
378,0,38.26874,-120.90265,6/17/2016,19.0,0.0,True
379,0,36.92244,-119.39619,7/11/2016,24.8,0.03,True
380,0,38.93449,-120.10744,10/14/2016,9.3,32.05,True
381,0,38.8390117,-121.3090268,5/17/2016,24.3,0.0,True
382,0,36.84479,-119.34487,9/3/2016,24.6,0.0,True
383,0,34.276,-118.354,5/23/2016,16.7,0.0,True
384,0,37.75972,-120.029626,9/13/2016,9.3,0.05,True
385,0,33.6542,-117.5221,8/31/2016,25.6,0.0,True
386,0,35.61961,-120.39993,5/10/2016,15.3,0.0,True
387,0,37.62215,-121.36665,8/20/2016,24.0,0.0,True
388,0,36.14161,-120.62048,7/4/2016,22.0,0.0,True
389,0,33.476894,-117.140883,6/4/2016,23.5,0.0,True
390,0,35.60748,-118.94811,7/15/2016,31.7,0.0,True
391,0,36.78769,-119.38248,5/15/2016,20.6,0.0,True
392,0,39.4403,-121.42647,9/22/2016,17.6,0.0,True
393,0,37.0099,-119.5792,7/15/2016,30.5,0.0,True
394,0,37.17072,-121.42238,6/7/2016,16.8,0.0,True
395,0,37.41896,-121.79669,7/30/2016,20.9,0.0,True
396,0,39.595,-121.6008,6/20/2016,26.3,0.0,True
397,0,37.25601,-119.65776,7/4/2016,25.8,0.0,True
398,0,40.0,-121.93923,9/25/2016,28.8,0.0,True
399,0,35.24504,-118.60344,8/4/2016,25.9,0.54,True
400,0,35.85093,-120.81081,7/22/2016,24.8,0.0,True
401,0,32.9612,-116.7945,7/18/2016,22.0,0.0,True
402,0,5487.0,-120.841536,7/9/2016,,,True
403,0,39.33035,-121.78973,5/27/2016,22.9,0.0,True
404,0,39.79547,-121.71662,8/26/2016,24.3,0.0,True
405,0,40.07846,-122.2071,7/1/2016,31.3,0.0,True
406,0,38.86804,-121.37704,6/21/2016,26.3,0.56,True
407,0,38.517772,-121.103642,7/10/2016,19.6,0.0,True
408,0,35.70821,-120.82266,6/27/2016,28.3,0.0,True
409,0,37.3228,-119.7738,8/4/2016,25.9,0.0,True
410,0,37.927613,-120.528836,5/30/2016,23.1,0.0,True
411,0,38.8866,-122.04726,7/15/2016,25.2,0.0,True
412,0,36.49914,-121.04993,6/12/2016,16.2,0.0,True
413,0,40.19611,-122.26736,8/3/2016,29.7,0.0,True
414,0,39.7947,-121.857,6/11/2016,24.2,0.0,True
415,0,36.92244,-119.39619,7/13/2016,27.3,0.0,True
416,0,40.68192,-122.4096,9/10/2016,26.2,0.0,True
417,0,36.6543,-119.5327,9/23/2016,18.4,0.0,True
418,0,36.2833,-121.3306,6/18/2016,17.4,0.17,True
419,0,33.41639,-117.08829,5/31/2016,16.7,0.0,True
420,0,39.0863,-122.7891,7/19/2016,18.5,0.0,True
421,0,38.40958,-122.43172,10/10/2016,13.7,0.0,True
422,0,35.77135,-120.251,6/11/2016,17.9,0.0,True
423,0,38.33475,-122.02564,7/22/2016,23.8,0.0,True
424,0,37.98171,-120.64241,7/21/2016,24.4,0.0,True
425,0,36.1934,-120.9293,6/23/2016,21.4,0.0,True
426,0,39.7299,-123.5044,9/10/2016,22.6,0.0,True
427,0,34.3183,-117.3189,9/7/2016,20.8,0.0,True
428,0,38.79549,-121.00299,7/22/2016,24.9,0.0,True
429,0,39.43351,-121.6051,6/21/2016,28.3,0.14,True
430,0,39.20427,-121.05948,9/17/2016,24.2,0.0,True
431,0,33.57872,-117.77395,6/26/2016,21.4,0.0,True
432,0,38.5212,-120.8416,9/23/2016,16.9,0.0,True
433,0,36.09974,-120.51057,8/9/2016,21.0,0.0,True
434,0,34.27619,-118.63264,7/1/2016,22.5,0.0,True
435,0,39.93965,-122.40142,6/21/2016,28.1,0.02,True
436,0,38.558,-121.1309,9/11/2016,19.4,0.0,True
437,0,38.01264,-122.1885,7/24/2016,23.2,0.0,True
438,0,39.39051,-120.51887,9/7/2016,19.2,0.0,True
439,0,37.24006,-119.4741,7/29/2016,29.7,0.0,True
440,0,39.8748511,-123.4267011,8/30/2016,19.6,0.0,True
441,0,38.68403,-122.26015,8/9/2016,21.5,0.0,True
442,0,33.22558,-117.14547,8/10/2016,20.2,0.06,True
443,0,40.61213,-122.47091,8/9/2016,27.7,0.0,True
444,0,37.96311,-120.67335,7/12/2016,23.8,0.0,True
445,0,38.22017,-120.8678,6/27/2016,28.9,0.0,True
446,0,41.6314,-122.7933,9/12/2016,16.4,0.07,True
447,0,37.81434,-120.69521,7/30/2016,30.3,0.0,True
448,0,38.3131,-121.06452,6/3/2016,28.2,0.0,True
449,0,39.8851,-121.6998,9/16/2016,23.8,0.04,True
450,0,36.58972,-118.15589,7/1/2016,23.5,0.0,True
451,0,36.80296,-121.40304,6/3/2016,21.9,0.0,True
452,0,39.624017,-121.595093,5/29/2016,25.8,0.0,True
453,0,37.2171,-121.08036,4/24/2016,15.9,0.0,True
454,0,33.254355,-117.158475,11/13/2016,21.1,0.21,True
455,0,33.00056,-116.9571,7/22/2016,28.5,0.0,True
456,0,38.2581,-120.8657,8/5/2016,21.4,0.0,True
457,0,41.96191,-122.59328,7/19/2016,21.0,0.0,True
458,0,37.11831,-121.69784,9/1/2016,16.9,0.0,True
459,0,37.06531,-121.68577,8/12/2016,15.7,0.0,True
460,0,38.64107,-120.6955,6/3/2016,26.6,0.0,True
461,0,35.8378273,-121.0381507,5/12/2016,17.7,0.0,True
462,0,40.61388,-122.46777,6/11/2016,22.9,0.0,True
463,0,40.4572,-124.05804,8/11/2016,13.3,0.0,True
464,0,41.71847,-122.36924,7/21/2016,22.5,0.0,True
465,0,40.9878,-123.77832,8/12/2016,12.2,0.0,True
466,0,34.25858,-117.4415,9/3/2016,20.6,0.0,True
467,0,39.1408865,-122.9148951,8/30/2016,21.1,0.0,True
468,0,33.11645,-116.58542,7/11/2016,20.6,0.1,True
469,0,36.217,-118.551,10/20/2016,17.3,0.0,True
470,0,38.57554,-120.00606,8/18/2016,19.1,0.04,True
471,0,35.01382,-119.58206,6/4/2016,25.4,0.0,True
472,0,35.84883,-118.08591,6/1/2016,30.8,0.0,True
473,0,34.6888731,-118.7892593,4/19/2016,19.7,0.0,True
474,0,34.41521,-119.09124,12/4/2017,15.4,0.0,True
475,0,34.41521,-119.09124,12/4/2017,15.4,0.0,True
476,0,40.07045,-120.14013,7/11/2017,24.7,0.0,True
477,0,37.61757,-120.21321,7/16/2017,28.6,0.0,True
478,0,41.841,-123.474,8/15/2017,14.1,0.0,True
479,0,38.4041,-122.5209,10/8/2017,18.5,0.0,True
480,0,38.4041,-122.5209,10/8/2017,18.5,0.0,True
481,0,38.39206,-122.24367,10/8/2017,19.3,0.03,True
482,0,38.39206,-122.24367,10/8/2017,19.3,0.03,True
483,0,35.93273,-120.20014,7/9/2017,28.4,0.0,True
484,0,42.039,-123.218,8/14/2017,20.6,0.0,True
485,0,38.60895,-122.62879,10/8/2017,19.2,0.0,True
486,0,38.60895,-122.62879,10/8/2017,19.2,0.0,True
487,0,36.15356,-118.74103,8/29/2017,33.8,0.0,True
488,0,39.24873,-123.16635,10/8/2017,16.8,0.0,True
489,0,35.0179,-120.3223,7/6/2017,17.0,0.0,True
490,0,41.59,-123.501,7/26/2017,12.1,0.0,True
491,0,40.76025,-123.10003,8/30/2017,26.1,0.0,True
492,0,36.27138,-118.48555,9/27/2017,23.1,0.0,True
493,0,40.69573,-119.93499,8/30/2017,23.1,0.0,True
494,0,34.55096,-119.9494,7/8/2017,24.0,0.0,True
495,0,38.76549,-122.90939,10/9/2017,18.0,0.0,True
496,0,34.31283,-118.35863,12/5/2017,16.1,0.0,True
497,0,40.2275,-123.03583,9/12/2017,30.6,0.0,True
498,0,37.44663,-119.64622,8/29/2017,29.1,0.0,True
499,0,36.12089,-120.37116,5/18/2017,18.6,0.0,True
500,0,39.32198,-121.4021,10/8/2017,19.8,0.0,True
501,0,33.87041,-117.70975,10/9/2017,22.7,0.0,True
502,0,38.655,-119.55425,8/29/2017,19.5,0.0,True
503,0,39.62496,-121.52966,10/8/2017,20.4,0.0,True
504,0,37.644,-119.618,8/1/2017,24.4,0.05,True
505,0,41.466,-120.321,8/3/2017,27.0,0.0,True
506,0,34.22957,-118.2674,9/1/2017,33.1,0.0,True
507,0,37.538,-119.598,8/14/2017,18.0,0.0,True
508,0,33.530045,-116.594422,6/26/2017,36.1,0.0,True
509,0,39.39455,-121.40613,10/9/2017,20.5,0.0,True
510,0,34.45283,-118.58188,12/5/2017,12.9,0.0,True
511,0,40.43962,-120.22215,8/29/2017,23.3,0.0,True
512,0,39.45352,-121.41222,7/7/2017,31.4,0.0,True
513,0,36.07228,-120.26561,4/20/2017,16.4,0.0,True
514,0,38.329,-119.782,7/31/2017,19.8,0.0,True
515,0,40.17598,-123.36882,8/7/2017,15.4,0.0,True
516,0,39.9034,-120.9761,7/29/2017,26.1,0.0,True
517,0,33.3237,-117.163,12/7/2017,18.7,0.0,True
518,0,39.57701,-121.30209,8/29/2017,31.3,0.0,True
519,0,33.97471,-117.09984,9/2/2017,31.1,0.0,True
520,0,41.853,-123.676,8/7/2017,14.2,0.0,True
521,0,35.77896,-118.89627,7/7/2017,31.5,0.0,True
522,0,33.8668,-117.68598,9/25/2017,22.4,0.0,True
523,0,39.75312,-120.75485,9/5/2017,21.8,0.47,True
524,0,36.05187,-120.05404,8/24/2017,28.6,0.0,True
525,0,36.257,-118.296,8/2/2017,33.8,0.0,True
526,0,36.0226,-118.94252,7/30/2017,29.1,0.0,True
527,0,38.49521,-122.0251,7/6/2017,27.1,0.0,True
528,0,39.01387,-122.64543,10/8/2017,18.3,0.0,True
529,0,32.65597,-116.80527,5/20/2017,22.2,0.0,True
530,0,35.86949,-120.57894,7/8/2017,29.6,0.0,True
531,0,35.86949,-120.57894,7/8/2017,29.6,0.0,True
532,0,36.96655,-120.89261,5/12/2017,15.7,0.0,True
533,0,38.12,-119.941,9/3/2017,24.3,0.0,True
534,0,38.14242,-122.47301,10/9/2017,19.2,0.0,True
535,0,35.95911,-120.55579,7/17/2017,28.8,0.0,True
536,0,35.59904,-119.08312,7/6/2017,31.4,0.0,True
537,0,35.4025,-120.4992,6/26/2017,19.0,0.0,True
538,0,36.269125,-120.620791,7/2/2017,22.8,0.0,True
539,0,35.53456,-118.66733,6/18/2017,31.5,2.75,True
540,0,34.2976,-116.826,6/19/2017,25.2,0.0,True
541,0,37.0825,-119.8011,6/10/2017,19.1,0.0,True
542,0,35.543,-118.654,7/30/2017,29.5,0.0,True
543,0,34.00566,-117.30693,4/30/2017,20.4,0.0,True
544,0,35.76,-118.406,9/1/2017,32.5,0.0,True
545,0,38.5181,-121.104,7/26/2017,25.0,0.0,True
546,0,35.38298,-118.80123,6/30/2017,27.5,0.0,True
547,0,33.402411,-117.402445,10/17/2017,21.8,0.0,True
548,0,34.94373,-119.44751,7/18/2017,23.9,0.0,True
549,0,33.98212,-117.30819,8/13/2017,24.1,0.0,True
550,0,37.21616,-119.48067,9/3/2017,30.4,0.0,True
551,0,39.75371,-120.1397,8/6/2017,19.3,3.69,True
552,0,33.34988,-117.39818,5/25/2017,16.9,0.0,True
553,0,40.98352,-121.81623,9/12/2017,25.7,0.13,True
554,0,36.530836,-120.206592,4/28/2017,17.8,0.0,True
555,0,39.30125,-123.28825,7/16/2017,26.6,0.0,True
556,0,39.1234,-121.32957,8/20/2017,24.7,0.0,True
557,0,33.60247,-117.34192,10/26/2017,22.8,0.0,True
558,0,39.888,-120.066,8/6/2017,19.4,3.66,True
559,0,39.24549,-121.12792,10/9/2017,16.9,0.0,True
560,0,34.55607,-118.60703,6/17/2017,27.1,0.0,True
561,0,35.7908,-120.77485,8/11/2017,22.5,0.0,True
562,0,34.37443,-118.49343,6/25/2017,27.2,0.0,True
563,0,39.439722,-120.027222,7/10/2017,22.1,0.0,True
564,0,37.905545,-120.408135,7/29/2017,26.9,0.0,True
565,0,37.37397,-119.83556,9/3/2017,30.2,0.0,True
566,0,34.14575,-117.17813,6/27/2017,24.2,0.0,True
567,0,37.3762,-119.9646,6/28/2017,23.1,0.0,True
568,0,41.85763,-121.29581,6/28/2017,18.6,0.0,True
569,0,33.95036,-116.88066,8/14/2017,21.2,0.0,True
570,0,41.11989,-120.74968,8/6/2017,18.7,0.0,True
571,0,35.4605,-118.85896,5/20/2017,26.2,0.0,True
572,0,33.3906,-117.32348,5/19/2017,20.4,0.0,True
573,0,41.3975,-122.8428,7/5/2017,22.6,0.0,True
574,0,35.40357,-120.28037,8/2/2017,24.2,0.0,True
575,0,34.09773,-117.10567,7/14/2017,23.9,0.0,True
576,0,36.616986,-120.369347,6/11/2017,16.8,0.0,True
577,0,34.67403,-120.4393,9/29/2017,16.1,0.01,True
578,0,37.14624,-120.015509,9/18/2017,21.8,0.0,True
579,0,38.848,-120.287,10/13/2017,6.3,0.0,True
580,0,34.09454,-118.48178,12/6/2017,18.1,0.0,True
581,0,36.22265,-119.06598,7/20/2017,26.6,0.0,True
582,0,41.72163,-121.30451,7/13/2017,22.3,0.0,True
583,0,32.84796,-116.85396,7/11/2017,24.9,0.0,True
584,0,36.45491,-120.2445,5/10/2017,21.1,0.0,True
585,0,39.34292,-121.12004,8/30/2017,25.3,0.0,True
586,0,37.18356,-122.07012,10/16/2017,19.5,0.0,True
587,0,41.16716,-120.58342,4/3/2017,5.9,0.0,True
588,0,38.46111,-119.48284,11/13/2017,8.0,1.66,True
589,0,38.02929,-122.25544,7/8/2017,25.9,0.0,True
590,0,36.27306,-120.65185,6/23/2017,27.6,0.0,True
591,0,35.42433,-120.47322,7/9/2017,21.3,0.0,True
592,0,36.45809,-118.87676,6/7/2017,25.2,0.0,True
593,0,34.92907,-118.9267,8/10/2017,26.1,0.0,True
594,0,34.08492,-117.03826,8/3/2017,23.9,3.24,True
595,0,41.478,-123.506,7/19/2017,14.0,0.0,True
596,0,33.59257,-117.14979,12/7/2017,14.2,0.0,True
597,0,35.41283,-118.84466,5/15/2017,16.0,0.0,True
598,0,34.16564,-117.33334,12/5/2017,14.0,0.0,True
599,0,33.34659,-116.66107,7/22/2017,22.9,0.0,True
600,0,35.12269,-120.39387,9/20/2017,18.0,0.0,True
601,0,36.24653,-120.31598,9/19/2017,21.1,0.0,True
602,0,38.538332,-121.039267,7/30/2017,26.3,0.0,True
603,0,37.87808,-121.78677,7/8/2017,27.2,0.0,True
604,0,37.4591,-119.921,7/2/2017,23.1,0.0,True
605,0,35.34541,-120.76464,5/18/2017,16.2,0.0,True
606,0,35.21177,-119.87525,5/15/2017,12.4,0.0,True
607,0,35.59804,-118.47939,6/10/2017,17.0,0.0,True
608,0,33.85323,-117.48195,7/4/2017,25.8,0.0,True
609,0,39.44543,-122.85194,9/12/2017,25.0,0.0,True
610,0,37.72543,-121.90516,8/22/2017,20.9,0.0,True
611,0,32.65003,-116.42907,8/21/2017,21.6,0.0,True
612,0,33.689092,-117.396404,7/31/2017,25.5,0.0,True
613,0,40.02261,-121.91425,10/26/2017,20.3,0.0,True
614,0,34.9465,-119.8036,5/20/2017,18.6,0.0,True
615,0,39.9864,-120.89746,8/20/2017,23.1,0.0,True
616,0,36.704679,-120.405077,6/11/2017,16.7,0.0,True
617,0,35.3091,-118.701,10/15/2017,17.5,0.0,True
618,0,35.19008,-118.76152,10/12/2017,12.1,0.0,True
619,0,40.47106,-122.43608,7/18/2017,27.6,0.0,True
620,0,34.41204,-117.03031,7/23/2017,22.1,0.0,True
621,0,33.87679,-117.00258,8/19/2017,22.5,0.0,True
622,0,39.71101,-120.02325,6/19/2017,25.5,0.0,True
623,0,39.37192,-121.53865,7/10/2017,29.6,0.0,True
624,0,40.80968,-120.48641,8/26/2017,22.7,0.0,True
625,0,37.12759,-120.0193,6/7/2017,24.0,0.0,True
626,0,37.63358,-121.49925,9/19/2017,18.7,0.0,True
627,0,41.9808,-121.9741,7/29/2017,23.7,0.0,True
628,0,33.98639,-117.21314,6/18/2017,26.0,0.0,True
629,0,39.74679,-121.67261,10/9/2017,19.7,0.0,True
630,0,35.7751,-120.23656,7/24/2017,22.5,0.0,True
631,0,35.6871,-120.3187,6/14/2017,21.2,0.0,True
632,0,36.90967,-119.79315,5/17/2017,17.9,0.0,True
633,0,34.30104,-117.45646,4/30/2017,21.7,0.0,True
634,0,40.46836,-123.51619,10/14/2017,11.2,0.0,True
635,0,39.02482,-123.1362,9/19/2017,17.1,0.0,True
636,0,40.07613,-121.56858,9/28/2017,23.1,0.0,True
637,0,38.559707,-120.70013,7/26/2017,26.4,0.0,True
638,0,38.5758,-120.915,9/17/2017,20.6,0.0,True
639,0,34.792882,-118.851943,7/28/2017,26.7,0.0,True
640,0,35.8556,-118.74542,6/13/2017,19.8,0.0,True
641,0,39.69717,-121.75417,6/16/2017,29.6,0.0,True
642,0,38.40234,-120.52953,10/9/2017,16.9,0.0,True
643,0,32.6001,-116.76997,9/1/2017,26.8,0.0,True
644,0,35.78286,-120.22647,5/2/2017,22.8,0.0,True
645,0,40.69554,-122.0122,7/1/2017,28.8,0.0,True
646,0,36.5355,-120.6585,4/29/2017,17.1,0.0,True
647,0,37.62823,-120.30046,8/13/2017,24.7,0.0,True
648,0,37.90014,-120.36005,7/30/2017,27.4,0.0,True
649,0,34.009026,-117.239099,8/4/2017,27.7,0.0,True
650,0,35.31886,-120.50886,9/3/2017,29.0,0.47,True
651,0,33.88287,-116.99651,5/25/2017,16.0,0.0,True
652,0,38.29113,-120.62177,7/17/2017,29.0,0.0,True
653,0,37.7393,-121.85663,10/17/2017,17.5,0.0,True
654,0,38.49336,-122.2483,8/11/2017,22.4,0.0,True
655,0,36.93332,-119.43376,8/26/2017,30.2,0.0,True
656,0,39.38416,-121.5786,6/22/2017,33.7,0.0,True
657,0,35.3024,-120.65279,9/26/2017,20.5,0.0,True
658,0,33.950382,-116.884446,6/15/2017,22.7,0.0,True
659,0,39.76243,-121.74121,7/19/2017,26.7,0.0,True
660,0,36.36113,-120.32685,8/30/2017,31.9,0.0,True
661,0,37.39801,-121.8179,7/11/2017,20.8,0.0,True
662,0,32.64962,-116.37345,10/21/2017,19.0,0.0,True
663,0,38.46123,-122.58152,10/14/2017,15.0,0.0,True
664,0,39.0199,-122.57487,10/14/2017,14.3,0.0,True
665,0,38.43658,-121.97233,10/2/2017,20.4,0.02,True
666,0,36.99092,-121.59899,9/3/2017,25.0,0.0,True
667,0,36.09486,-120.52189,9/3/2017,32.6,0.29,True
668,0,37.14653,-121.68165,8/11/2017,18.6,0.0,True
669,0,34.19076,-117.26969,7/31/2017,25.8,0.0,True
670,0,34.035344,-116.940661,11/29/2017,9.0,0.0,True
671,0,33.57139,-116.8247,8/7/2017,27.5,0.0,True
672,0,36.95104,-119.65621,7/5/2017,29.1,0.0,True
673,0,39.52499,-121.64897,6/6/2017,26.4,0.0,True
674,0,37.09773,-120.02027,7/7/2017,30.2,0.0,True
675,0,39.15016,-122.576,10/6/2017,16.6,0.0,True
676,0,34.34949,-119.30918,10/24/2017,31.1,0.0,True
677,0,117.337331,34.015742,8/31/2017,,,True
678,0,40.11794,-123.76099,8/3/2017,14.5,0.0,True
679,0,34.20152,-117.14466,7/22/2017,22.2,0.0,True
680,0,37.3344,-121.71752,6/29/2017,17.6,0.0,True
681,0,35.86596,-120.64584,8/7/2017,21.3,0.0,True
682,0,33.38613,-117.46709,10/13/2017,17.2,0.0,True
683,0,38.869036,-119.61865,12/28/2017,-0.6,0.0,True
684,0,40.13278,-120.9204,9/3/2017,25.4,0.0,True
685,0,35.89423,-119.00334,5/31/2017,19.8,0.2,True
686,0,36.96607,-121.55552,7/23/2017,17.4,0.0,True
687,0,40.38944,-122.13088,6/4/2017,24.6,0.0,True
688,0,39.19325,-121.08406,10/9/2017,15.3,0.0,True
689,0,36.8005,-119.35901,6/11/2017,16.9,0.16,True
690,0,35.5956,-120.56068,9/26/2017,19.4,0.0,True
691,0,38.7803,-120.97111,7/8/2017,30.1,0.0,True
692,0,34.07612,-117.06765,7/7/2017,26.9,0.0,True
693,0,35.78616,-120.96514,10/13/2017,14.9,0.0,True
694,0,33.75526,-117.25075,7/18/2017,25.8,0.0,True
695,0,35.4403,-120.2913,8/2/2017,24.6,0.0,True
696,0,39.01224,-122.20127,7/17/2017,29.1,0.0,True
697,0,37.25014,-121.68562,7/10/2017,19.1,0.0,True
698,0,36.60736,-120.5828,5/19/2017,22.6,0.0,True
699,0,36.7279,-119.28241,8/27/2017,30.9,0.0,True
700,0,38.33707,-121.11113,6/1/2017,20.8,0.0,True
701,0,40.03392,-120.1064,6/4/2017,18.7,0.0,True
702,0,37.82934,-120.68992,6/21/2017,31.2,0.0,True
703,0,33.81976,-117.18552,7/28/2017,25.2,0.0,True
704,0,37.36914,-120.0088,6/15/2017,23.6,0.0,True
705,0,33.20988,-116.46989,8/26/2017,30.9,0.0,True
706,0,38.94599,-122.81135,8/8/2017,20.9,0.0,True
707,0,37.64898,-120.4925,7/8/2017,31.5,0.0,True
708,0,40.32063,-122.83208,6/18/2017,33.2,0.0,True
709,0,36.18815,-118.78928,7/17/2017,30.6,0.0,True
710,0,38.18303,-120.85322,7/12/2017,26.6,0.0,True
711,0,36.7528,-119.2288,10/11/2017,17.8,0.0,True
712,0,39.42604,-123.03344,9/12/2017,25.0,0.0,True
713,0,36.64404,-118.99944,7/18/2017,29.4,0.0,True
714,0,35.346,-120.62825,7/7/2017,22.3,0.0,True
715,0,40.1583,-122.3209,7/28/2017,31.0,0.0,True
716,0,36.81476,-119.51592,7/4/2017,29.7,0.0,True
717,0,41.93006,-122.36545,6/18/2017,24.1,0.0,True
718,0,38.4446,-122.0041,9/23/2017,20.0,0.0,True
719,0,41.99483,-121.90077,8/29/2017,22.0,0.0,True
720,0,34.03941,-118.58624,6/29/2017,19.5,0.0,True
721,0,41.222,-122.292,8/28/2017,23.7,0.0,True
722,0,41.222,-122.27499,8/28/2017,23.7,0.0,True
723,0,37.33454,-121.76323,6/21/2017,22.3,0.0,True
724,0,37.44485,-121.84108,7/26/2017,20.6,0.0,True
725,0,35.21556,-118.56578,10/26/2017,17.0,0.0,True
726,0,33.8826,-117.00589,10/23/2017,26.2,0.0,True
727,0,34.22551,-118.05545,10/17/2017,25.9,0.0,True
728,0,37.41591,-122.3001,9/11/2017,22.7,1.95,True
729,0,35.70639,-118.47307,8/5/2017,28.6,0.0,True
730,0,34.72379,-120.13249,7/17/2017,21.7,0.0,True
731,0,39.06308,-121.303,7/8/2017,30.8,0.0,True
732,0,34.20599,-118.98603,7/4/2017,18.1,0.0,True
733,0,33.87739,-117.16215,7/3/2017,24.6,0.0,True
734,0,33.23281,-117.29509,6/13/2017,17.3,0.0,True
735,0,36.94652,-120.90462,9/20/2017,19.2,0.0,True
736,0,33.58577,-116.07429,5/28/2017,31.3,0.0,True
737,0,36.38109,-121.00391,11/25/2017,16.7,0.0,True
738,0,35.06472,-120.5634,7/20/2017,16.3,0.0,True
739,0,33.6444,-117.3968,8/27/2017,26.6,0.0,True
740,0,34.149,-117.189,7/12/2017,23.9,0.0,True
741,0,41.8721,-122.4571,6/6/2017,20.8,0.0,True
742,0,33.9885,-117.38417,12/21/2017,11.6,0.0,True
743,0,35.28738,-120.44448,10/9/2017,17.2,0.0,True
744,0,40.48712,-121.85645,4/3/2017,16.7,0.0,True
745,0,37.56181,-121.56425,8/27/2017,27.9,0.0,True
746,0,39.81517,-122.28165,11/2/2017,14.3,0.0,True
747,0,36.17297,-120.87609,9/11/2017,25.4,0.3,True
748,0,35.96275,-121.08753,6/29/2017,21.2,0.0,True
749,0,40.10282,-122.27379,6/24/2017,33.1,0.0,True
750,0,41.38247,-120.53443,6/3/2017,17.8,0.0,True
751,0,41.99279,-122.9401,8/13/2017,20.9,0.0,True
752,0,34.10446,-118.70294,6/29/2017,20.0,0.0,True
753,0,35.05076,-118.90004,5/14/2017,11.5,0.0,True
754,0,33.96514,-117.4764,12/4/2017,14.2,0.0,True
755,0,33.90327,-116.50151,11/14/2017,22.3,0.0,True
756,0,34.13534,-117.4982,10/24/2017,33.5,0.0,True
757,0,40.70627,-122.24199,10/8/2017,19.4,0.0,True
758,0,35.59302,-118.46734,9/29/2017,21.5,0.0,True
759,0,41.98128,-124.01168,9/12/2017,17.6,0.0,True
760,0,41.02705,-123.63721,8/28/2017,14.8,0.0,True
761,0,40.29831,-122.70449,8/26/2017,28.3,0.0,True
762,0,38.86056,-122.62382,7/17/2017,21.5,0.0,True
763,0,36.66684,-121.74826,7/16/2017,18.6,0.0,True
764,0,37.896778,-120.504134,9/19/2017,17.4,0.0,True
765,0,39.06522,-121.3519,7/24/2017,27.6,0.0,True
766,0,38.07481,-122.23004,6/22/2017,25.5,0.0,True
767,0,37.9775,-122.65749,6/27/2017,17.1,0.0,True
768,0,37.85137,-120.45268,6/11/2017,13.6,1.45,True
769,0,40.774,-122.309,10/31/2017,16.7,0.0,True
770,0,37.65963,-120.34802,7/7/2017,29.8,0.0,True
771,0,33.1683,-116.77342,6/25/2017,25.5,0.0,True
772,0,33.74925,-117.10301,9/29/2017,22.9,0.0,True
773,0,38.08055,-122.77846,7/12/2017,17.1,0.0,True
774,0,33.99316,-117.48405,7/4/2017,26.8,0.0,True
775,0,38.45822,-120.92162,6/27/2017,21.4,0.0,True
776,0,35.37351,-118.84134,6/9/2017,22.5,0.0,True
777,0,33.96419,-117.20507,5/21/2017,23.8,0.0,True
778,0,34.21829,-117.40625,12/5/2017,15.3,0.0,True
779,0,33.73547,-117.33364,9/10/2017,27.3,0.0,True
780,0,40.03697,-123.64214,8/31/2017,15.3,0.0,True
781,0,36.85596,-121.30983,7/4/2017,17.2,0.0,True
782,0,33.763304,-117.314994,7/7/2017,30.8,0.0,True
783,0,33.584036,-116.972036,6/13/2017,19.0,0.0,True
784,0,35.60633,-118.4642,6/4/2017,25.9,0.0,True
785,0,40.804,-123.375,8/2/2017,17.3,0.0,True
786,0,40.79902,-123.39253,8/2/2017,17.2,0.0,True
787,0,33.62613,-117.07975,7/13/2017,25.3,0.0,True
788,0,35.90092,-120.93371,6/16/2017,25.4,0.0,True
789,0,35.902149,-120.983684,6/11/2017,15.6,0.0,True
790,0,36.5858,-121.80377,10/15/2017,19.7,0.0,True
791,0,36.099681,-120.443545,8/23/2017,25.2,0.0,True
792,0,35.60001,-118.4683,5/12/2017,13.6,0.0,True
793,0,34.52055,-118.62882,8/31/2017,30.6,7.11,True
794,0,40.27582,-123.64281,8/3/2017,14.4,0.0,True
795,0,33.96896,-117.25411,7/3/2017,24.6,0.0,True
796,0,38.77921,-120.46234,10/10/2017,15.0,0.0,True
797,0,40.29118,-122.42606,7/8/2017,32.1,0.0,True
798,0,39.8255,-121.7127,9/25/2017,22.0,0.0,True
799,0,41.4844,-120.36659,8/30/2017,22.2,0.0,True
800,0,41.93323,-124.19629,6/26/2017,14.2,0.16,True
801,0,33.79925,-117.11659,6/15/2017,24.4,0.0,True
802,0,41.64469,-120.31814,8/30/2017,22.1,0.0,True
803,0,33.82165,-116.96079,6/3/2017,25.5,0.0,True
804,0,39.03168,-121.40947,9/26/2017,23.1,0.0,True
805,0,33.71025,-117.31924,6/18/2017,26.0,0.0,True
806,0,33.94788,-116.59719,6/1/2017,26.6,0.0,True
807,0,33.18716,-116.50897,10/15/2017,23.3,0.0,True
808,0,35.76343,-121.04445,9/23/2017,16.3,0.0,True
809,0,32.59252,-116.61609,9/7/2017,23.1,0.0,True
810,0,40.71923,-122.02525,9/1/2017,31.9,0.0,True
811,0,32.7789,-116.8516,6/27/2017,23.6,0.0,True
812,0,37.02081,-119.95136,6/18/2017,31.2,0.0,True
813,0,34.29931,-118.37539,6/3/2017,21.4,0.0,True
814,0,32.679,-116.29296,5/24/2017,29.3,0.0,True
815,0,33.50488,-117.02132,10/10/2017,20.0,0.0,True
816,0,37.77982,-122.169,9/26/2017,21.2,0.0,True
817,0,38.20176,-120.67848,7/5/2017,26.6,0.0,True
818,0,38.68347,-122.2654,6/13/2017,19.0,0.0,True
819,0,35.41112,-120.00353,10/20/2017,15.3,1.43,True
820,0,39.01748,-122.49327,9/5/2017,24.2,0.0,True
821,0,36.10858,-118.81979,7/5/2017,28.7,0.0,True
822,0,39.364,-121.4143,6/22/2017,33.6,0.0,True
823,0,36.35578,-120.99552,5/22/2017,13.6,0.0,True
824,0,40.88516,-123.96844,10/8/2017,12.5,0.0,True
825,0,38.51937,-123.24713,10/7/2017,15.0,0.0,True
826,0,40.20077,-122.24731,10/3/2017,20.5,0.0,True
827,0,37.65986,-120.31157,8/1/2017,29.3,0.0,True
828,0,34.139,-117.199,7/22/2017,23.8,0.0,True
829,0,39.13207,-123.10227,7/17/2017,24.8,0.0,True
830,0,33.52584,-116.85226,6/13/2017,21.1,0.0,True
831,0,37.86549,-122.2102,6/5/2017,18.2,0.0,True
832,0,35.983,-119.91508,5/18/2017,19.0,0.0,True
833,0,35.77082,-120.92482,5/14/2017,13.0,0.0,True
834,0,33.88994,-116.91023,12/13/2017,14.1,0.0,True
835,0,39.06414,-121.13737,10/10/2017,18.1,0.0,True
836,0,33.797216,-117.124538,8/13/2017,24.0,0.0,True
837,0,40.39799,-123.57562,8/1/2017,15.0,0.0,True
838,0,37.81827,-120.65764,7/18/2017,27.6,0.0,True
839,0,40.703775,-122.645079,6/26/2017,24.4,0.0,True
840,0,35.71704,-118.30601,5/1/2017,21.9,0.0,True
841,0,38.26294,-122.71998,8/27/2017,21.3,0.0,True
842,0,39.53944,-121.54722,7/4/2017,28.1,0.0,True
843,0,36.61332,-120.7109,5/28/2017,22.9,0.0,True
844,0,36.1727,-120.86682,5/16/2017,14.2,0.0,True
845,0,37.41231,-119.87465,10/3/2017,12.6,0.0,True
846,0,40.92602,-121.5935,8/17/2017,26.9,0.0,True
847,0,40.69259,-122.17384,7/29/2017,30.2,0.0,True
848,0,35.556667,-120.474,5/20/2017,21.2,0.0,True
849,0,36.2771,-120.94328,5/17/2017,15.4,0.0,True
850,0,33.88466,-116.99229,5/14/2017,15.1,0.0,True
851,0,35.188,-119.2877,6/2/2017,24.5,0.0,True
852,0,34.04412,-116.55326,5/29/2017,29.2,0.0,True
853,0,36.96642,-119.58292,5/28/2017,23.6,0.0,True
854,0,39.87983,-122.5415,8/10/2017,27.6,0.0,True
855,0,39.16826,-120.95498,7/27/2017,24.5,0.0,True
856,0,41.45589,-120.56933,7/17/2017,21.6,0.0,True
857,0,35.947,-120.87492,6/28/2017,21.0,0.0,True
858,0,38.19906,-120.83484,5/28/2017,21.0,0.0,True
859,0,33.56777,-116.08003,4/13/2017,23.9,0.0,True
860,0,34.71796,-120.27077,12/16/2017,12.9,0.0,True
861,0,34.605358,-120.414875,12/14/2017,10.8,0.0,True
862,0,39.8629,-121.6268,7/2/2017,28.8,0.0,True
863,0,35.80375,-120.52508,6/9/2017,18.8,0.0,True
864,0,33.97155,-117.44148,5/18/2017,17.9,0.0,True
865,0,37.89532,-120.84748,10/18/2017,17.0,0.0,True
866,0,38.69775,-120.73757,7/25/2017,25.2,0.0,True
867,0,38.67474,-121.06088,7/12/2017,26.3,0.0,True
868,0,34.304722,-117.3125,7/4/2017,25.3,0.0,True
869,0,39.44257,-121.60683,9/12/2017,29.6,0.0,True
870,0,35.6879,-120.3317,5/7/2017,12.4,5.3,True
871,0,33.7866,-117.5048,4/30/2017,20.2,0.0,True
872,0,37.21812,-121.07761,12/31/2017,9.3,0.0,True
873,0,38.70289,-122.90217,7/31/2017,18.6,0.0,True
874,0,33.913089,-117.096233,7/2/2017,22.4,0.0,True
875,0,40.24789,-122.255,10/8/2017,20.3,0.0,True
876,0,37.76888,-120.15846,9/20/2017,15.2,0.44,True
877,0,37.10067,-119.32109,9/11/2017,24.6,1.34,True
878,0,38.34421,-120.72274,8/28/2017,31.1,0.0,True
879,0,34.23925,-117.85182,8/3/2017,29.7,0.0,True
880,0,39.36902,-120.97586,7/21/2017,22.9,0.0,True
881,0,40.48972,-122.38619,7/15/2017,31.1,0.0,True
882,0,33.77896,-117.24091,7/13/2017,26.2,0.0,True
883,0,39.50475,-121.33785,7/12/2017,27.4,0.0,True
884,0,33.91806,-116.99321,7/3/2017,22.2,0.0,True
885,0,39.08382,-121.06656,7/2/2017,26.5,0.0,True
886,0,33.90965,-116.9669,6/18/2017,23.9,0.0,True
887,0,117.138741,33.939428,6/16/2017,,,True
888,0,35.564124,-118.796513,6/5/2017,25.5,0.0,True
889,0,33.87107,-116.88097,6/4/2017,27.0,0.0,True
890,0,39.23205,-121.376,5/29/2017,22.1,0.0,True
891,0,34.87128,-118.35296,5/28/2017,21.9,0.0,True
892,0,33.94673,-117.17773,5/23/2017,24.3,0.0,True
893,0,36.44141,-121.34695,4/24/2017,13.5,0.0,True
894,0,38.36685,-122.64001,10/9/2017,19.4,0.0,True
895,0,38.31802,-122.39052,10/8/2017,18.1,0.0,True
896,0,37.73596,-119.78256,9/7/2017,16.4,0.0,True
897,0,41.702,-123.508,7/25/2017,12.4,0.0,True
898,0,41.338,-120.304,7/23/2017,25.8,0.01,True
899,0,39.75425,-122.17657,7/19/2017,26.9,0.0,True
900,0,40.6361,-120.9643,7/6/2017,24.2,0.0,True
901,0,41.86609,-122.73031,7/4/2017,25.2,0.0,True
902,0,33.43513,-117.58252,6/28/2017,18.7,0.0,True
903,0,41.841,-123.474,6/25/2017,15.1,0.45,True
904,0,36.51912,-119.50606,6/23/2017,32.3,0.0,True
905,0,35.85253,-120.80411,5/19/2017,19.9,0.0,True
906,0,39.51158,-121.55633,2/7/2017,14.6,15.1,True
907,0,39.243283,-123.103367,7/27/2018,27.3,0.0,True
908,0,39.243283,-123.103367,7/27/2018,27.3,0.0,True
909,0,39.243283,-123.103367,7/27/2018,27.3,0.0,True
910,0,39.243283,-123.103367,7/27/2018,27.3,0.0,True
911,0,40.65428,-122.62357,7/23/2018,30.6,0.0,True
912,0,40.65428,-122.62357,7/23/2018,30.6,0.0,True
913,0,39.8134,-121.4347,11/8/2018,13.3,0.0,True
914,0,34.235,-118.70128,11/8/2018,19.5,0.0,True
915,0,34.235,-118.70128,11/8/2018,19.5,0.0,True
916,0,37.6549,-119.88581,7/13/2018,21.4,0.0,True
917,0,38.80583,-122.18183,6/30/2018,30.1,0.0,True
918,0,38.80583,-122.18183,6/30/2018,30.1,0.0,True
919,0,40.9425,-122.43,9/5/2018,23.8,0.0,True
920,0,40.9425,-122.43,9/5/2018,23.8,0.0,True
921,0,39.04786,-123.11971,7/27/2018,23.2,0.0,True
922,0,39.04786,-123.11971,7/27/2018,23.2,0.0,True
923,0,39.04786,-123.11971,7/27/2018,23.2,0.0,True
924,0,40.896,-122.219,8/9/2018,25.7,0.0,True
925,0,41.38544,-121.04386,8/15/2018,22.4,0.0,True
926,0,41.893332,-122.534655,7/5/2018,20.8,0.0,True
927,0,38.349,-119.929,8/1/2018,21.0,0.0,True
928,0,33.69888,-117.52055,8/6/2018,28.6,0.0,True
929,0,40.633536,-120.868091,7/27/2018,26.2,0.0,True
930,0,39.0674,-122.59848,6/23/2018,26.2,0.0,True
931,0,38.052055,-120.945482,6/29/2018,25.8,0.0,True
932,0,38.347395,-119.45186,9/4/2018,15.4,0.0,True
933,0,37.39339,-120.34207,6/15/2018,23.3,0.0,True
934,0,34.22685,-118.93444,11/8/2018,20.1,0.0,True
935,0,37.571,-119.118,6/11/2018,17.5,0.0,True
936,0,40.22027778,-122.18,10/7/2018,20.7,0.0,True
937,0,40.35068,-121.77867,6/23/2018,31.7,0.0,True
938,0,41.07944,-123.688056,8/16/2018,14.7,0.0,True
939,0,34.48229,-118.60858,9/22/2018,25.4,0.0,True
940,0,35.97896,-119.98329,8/6/2018,25.9,0.0,True
941,0,39.94355,-122.3571,6/9/2018,20.7,0.0,True
942,0,35.37444,-118.83556,8/3/2018,30.0,0.0,True
943,0,36.6734,-118.21881,7/8/2018,29.8,0.0,True
944,0,38.69601,-122.44468,9/8/2018,20.7,0.0,True
945,0,39.64978,-122.58218,6/9/2018,19.3,0.0,True
946,0,35.847778,-120.343056,8/6/2018,25.2,0.0,True
947,0,38.431278,-122.043747,8/10/2018,26.2,0.0,True
948,0,41.29363,-120.11461,7/13/2018,24.6,0.0,True
949,0,37.40208,-118.50235,2/18/2018,6.7,0.0,True
950,0,40.99344,-121.52225,8/9/2018,22.6,0.0,True
951,0,36.85156,-120.77206,5/2/2018,15.4,0.0,True
952,0,40.616251,-123.52019,9/4/2018,12.3,0.0,True
953,0,40.50318,-122.42308,6/24/2018,33.5,0.0,True
954,0,38.21396,-121.9424,11/8/2018,17.7,0.0,True
955,0,35.73629,-120.75593,6/20/2018,22.2,0.0,True
956,0,34.5486,-118.31138,6/4/2018,27.3,0.0,True
957,0,34.095568,-116.958806,7/6/2018,23.7,0.0,True
958,0,36.40755,-120.99322,6/4/2018,16.7,0.0,True
959,0,36.71537,-118.08449,4/19/2018,10.4,0.0,True
960,0,33.62924,-117.05992,5/17/2018,14.6,0.0,True
961,0,39.186144,-121.792885,7/31/2018,27.5,0.0,True
962,0,39.268611,-120.658333,9/3/2018,23.7,0.0,True
963,0,35.11416667,-120.0922222,8/19/2018,18.1,0.0,True
964,0,35.387408,-118.817934,7/27/2018,31.8,0.0,True
965,0,39.82877,-123.08489,7/31/2018,27.8,0.0,True
966,0,39.77124,-121.76859,7/12/2018,29.9,0.0,True
967,0,40.33682,-121.93908,7/9/2018,28.5,0.0,True
968,0,38.42623,-120.95408,7/6/2018,25.6,0.0,True
969,0,38.59694444,-121.9938889,7/18/2018,26.3,0.0,True
970,0,38.82426,-121.451307,8/1/2018,25.6,0.0,True
971,0,35.79012,-118.7393,8/15/2018,27.1,0.0,True
972,0,36.00912,-120.82226,8/11/2018,24.8,0.0,True
973,0,40.3768,-120.36403,6/14/2018,20.9,0.0,True
974,0,37.75646,-121.60646,7/8/2018,23.8,0.0,True
975,0,37.83388,-120.61746,9/8/2018,25.6,0.0,True
976,0,39.36529,-121.51707,10/30/2018,16.4,0.0,True
977,0,36.378333,-120.901167,6/4/2018,17.1,0.0,True
978,0,32.833674,-116.7311,7/6/2018,29.6,0.0,True
979,0,37.75375,-121.57918,5/30/2018,15.7,0.0,True
980,0,40.316137,-120.45053,6/27/2018,21.4,0.0,True
981,0,36.35502,-121.1563,9/13/2018,16.2,0.0,True
982,0,35.95515,-120.86256,6/26/2018,21.2,0.0,True
983,0,35.51777778,-118.6525,8/18/2018,29.6,0.0,True
984,0,33.07892,-116.91845,7/27/2018,25.9,0.0,True
985,0,37.38789,-119.68912,9/22/2018,22.8,0.0,True
986,0,39.59872,-121.78208,6/26/2018,26.1,0.0,True
987,0,37.735461,-118.970443,7/31/2018,21.5,0.0,True
988,0,40.52909,-122.17457,6/23/2018,31.6,0.0,True
989,0,37.449425,-121.88807,7/22/2018,21.7,0.0,True
990,0,38.539806,-121.059979,7/4/2018,19.3,0.0,True
991,0,40.60402,-122.9144,6/28/2018,26.3,0.0,True
992,0,37.10181,-119.623981,6/4/2018,27.8,0.0,True
993,0,33.389425,-117.502405,5/4/2018,20.1,0.0,True
994,0,38.061298,-120.872244,8/6/2018,25.6,0.0,True
995,0,37.197039,-120.002619,8/23/2018,23.9,0.0,True
996,0,33.836101,-117.607577,7/19/2018,25.7,0.0,True
997,0,36.65351,-121.0454,7/11/2018,17.1,0.0,True
998,0,37.94714,-121.9921,6/29/2018,24.1,0.0,True
999,0,40.18395,-122.27574,6/23/2018,32.1,0.0,True
1000,0,32.63046,-116.46674,6/6/2018,18.4,0.0,True
1001,0,40.34256,-121.43025,9/28/2018,22.9,0.0,True
1002,0,35.33916,-120.71488,6/26/2018,16.8,0.0,True
1003,0,34.0232,-119.76576,3/27/2018,14.6,0.0,True
1004,0,33.076239,-116.902985,8/9/2018,28.4,0.0,True
1005,0,37.89612,-121.85847,7/25/2018,24.2,0.0,True
1006,0,41.70877,-122.47293,7/15/2018,24.5,2.09,True
1007,0,41.085,-123.051,7/1/2018,25.5,0.0,True
1008,0,36.37532,-120.862579,6/12/2018,18.7,0.0,True
1009,0,33.41476,-117.24044,7/28/2018,22.5,0.0,True
1010,0,33.571763,-116.500058,7/26/2018,38.2,0.0,True
1011,0,34.91482,-118.92485,9/12/2018,21.7,0.0,True
1012,0,37.33924,-120.24315,6/7/2018,19.7,0.0,True
1013,0,39.491737,-121.637759,7/4/2018,23.0,0.0,True
1014,0,34.26734825,-118.6438159,11/12/2018,19.0,0.0,True
1015,0,37.05876,-121.176354,6/17/2018,15.7,0.0,True
1016,0,37.97638,-122.5275,6/9/2018,17.0,0.0,True
1017,0,33.55132,-117.72044,6/2/2018,19.8,0.0,True
1018,0,34.576944,-119.61416,9/1/2018,19.3,0.0,True
1019,0,40.12791,-122.19792,6/23/2018,32.0,0.0,True
1020,0,36.18401,-120.69955,10/13/2018,17.7,0.0,True
1021,0,40.34822,-120.82497,7/24/2018,27.5,0.0,True
1022,0,34.2325,-117.846111,9/9/2018,27.2,0.0,True
1023,0,37.80785,-120.30187,6/24/2018,25.5,0.0,True
1024,0,38.45673,-121.94658,10/12/2018,19.5,0.0,True
1025,0,40.36888889,-122.8905556,8/19/2018,27.6,0.0,True
1026,0,33.787838,-117.746625,6/11/2018,22.3,0.0,True
1027,0,33.925862,-117.654299,6/12/2018,24.4,0.0,True
1028,0,38.02447,-122.727,9/10/2018,17.6,0.0,True
1029,0,34.30166667,-119.0991667,11/15/2018,17.7,0.0,True
1030,0,35.97677,-121.24898,10/2/2018,19.3,0.0,True
1031,0,38.94388,-120.92611,9/4/2018,25.9,0.0,True
1032,0,34.18075,-117.43184,11/13/2018,17.1,0.0,True
1033,0,38.08424,-120.46078,8/5/2018,23.6,0.0,True
1034,0,38.51943,-122.18353,7/28/2018,22.6,0.0,True
1035,0,34.38039,-118.60441,7/23/2018,29.7,0.0,True
1036,0,39.46543,-122.65582,6/1/2018,18.7,0.0,True
1037,0,41.65935,-122.48556,5/9/2018,16.5,0.0,True
1038,0,34.15475,-117.244366,8/31/2018,23.9,0.0,True
1039,0,36.47766,-119.10433,10/24/2018,15.9,0.0,True
1040,0,39.996944,-121.27,8/7/2018,26.6,0.0,True
1041,0,36.59036,-120.82355,7/12/2018,20.4,0.0,True
1042,0,37.06367,-121.53586,7/6/2018,21.5,0.0,True
1043,0,37.707234,-120.199162,6/18/2018,17.8,0.0,True
1044,0,35.56888889,-118.8013889,8/16/2018,28.6,0.0,True
1045,0,34.463889,-119.831389,7/6/2018,25.9,0.0,True
1046,0,34.62412,-120.22298,7/20/2018,21.4,0.0,True
1047,0,36.75581,-119.42172,5/26/2018,18.9,0.0,True
1048,0,38.8802,-123.0496,8/1/2018,22.2,0.0,True
1049,0,39.02017,-122.57496,8/26/2018,17.2,0.0,True
1050,0,40.31759,-122.21032,5/18/2018,24.1,0.0,True
1051,0,33.0971179,-117.0242529,8/13/2018,23.4,0.0,True
1052,0,36.21634,-118.82989,7/27/2018,30.4,0.0,True
1053,0,34.22526,-117.40967,7/6/2018,35.0,0.0,True
1054,0,35.56922,-120.12441,5/24/2018,13.8,0.0,True
1055,0,35.9352,-121.11936,6/9/2018,19.2,0.0,True
1056,0,35.1234,-118.72905,6/29/2018,21.8,0.0,True
1057,0,39.038859,-123.38493,7/5/2018,19.5,0.0,True
1058,0,40.94666,-121.27049,7/15/2018,24.5,0.5,True
1059,0,40.83116,-120.19336,11/8/2018,0.8,0.0,True
1060,0,37.179167,-119.431667,8/27/2018,22.6,0.0,True
1061,0,37.056944,-121.01638,5/20/2018,15.6,0.0,True
1062,0,-120.258,-120.258,9/29/2018,,,True
1063,0,39.06715,-122.59789,7/9/2018,22.9,0.0,True
1064,0,37.95766,-120.68902,6/24/2018,27.0,0.0,True
1065,0,34.54305556,-120.3180556,7/18/2018,17.5,0.07,True
1066,0,40.5939,-122.17173,9/28/2018,22.7,0.0,True
1067,0,36.696879,-119.304499,6/27/2018,27.9,0.0,True
1068,0,39.2976,-122.512012,7/4/2018,20.6,0.0,True
1069,0,39.65578,-122.58666,5/28/2018,27.0,0.0,True
1070,0,33.67815,-117.32281,4/28/2018,15.0,0.0,True
1071,0,37.22545,-121.79189,7/10/2018,21.9,0.0,True
1072,0,37.66074,-121.67144,6/29/2018,21.5,0.0,True
1073,0,40.394073,-122.135924,6/13/2018,29.0,0.0,True
1074,0,33.504964,-117.148204,5/4/2018,22.7,0.0,True
1075,0,37.08529,-121.09354,6/24/2018,21.6,0.0,True
1076,0,38.645,-120.874167,8/1/2018,27.8,0.0,True
1077,0,39.279833,-123.258319,7/21/2018,24.7,0.0,True
1078,0,38.82128,-121.03918,8/1/2018,28.1,0.0,True
1079,0,36.64832,-121.03253,6/4/2018,17.1,0.0,True
1080,0,37.1769444,-121.6869444,10/7/2018,19.1,0.0,True
1081,0,40.741186,-122.649626,7/20/2018,29.0,0.0,True
1082,0,33.56349,-116.732032,7/4/2018,28.9,0.0,True
1083,0,41.83359,-122.99272,6/27/2018,21.4,0.0,True
1084,0,37.32744,-121.10903,5/29/2018,25.7,0.0,True
1085,0,34.86022,-118.87881,7/8/2018,28.2,0.0,True
1086,0,34.53765,-118.75495,6/23/2018,22.6,0.0,True
1087,0,38.24033,-121.09199,6/11/2018,22.4,0.0,True
1088,0,40.346652,-122.308479,11/5/2018,18.6,0.0,True
1089,0,38.8275,-122.3625,8/30/2018,19.1,0.0,True
1090,0,37.14663,-119.91223,6/15/2018,24.7,0.0,True
1091,0,35.58354,-120.624135,6/14/2018,19.3,0.0,True
1092,0,35.663607,-120.670311,6/13/2018,23.6,0.0,True
1093,0,34.74245,-120.18236,5/17/2018,14.2,0.0,True
1094,0,33.35505,-117.03134,5/22/2018,15.3,0.0,True
1095,0,35.17693,-120.48861,10/19/2018,17.8,0.04,True
1096,0,40.95234,-121.21597,7/15/2018,24.5,0.5,True
1097,0,37.79718,-121.85311,7/8/2018,22.6,0.0,True
1098,0,37.0979,-119.75307,5/23/2018,20.8,0.0,True
1099,0,34.24138,-117.42431,9/26/2018,23.2,0.0,True
1100,0,40.33642,-120.93005,9/22/2018,17.8,0.0,True
1101,0,37.47677,-119.84299,6/15/2018,20.7,0.0,True
1102,0,41.50105,-120.61108,7/14/2018,24.7,0.0,True
1103,0,35.30151,-120.64398,9/16/2018,16.5,0.0,True
1104,0,40.824,-121.90215,7/24/2018,30.2,3.0,True
1105,0,37.163594,-121.702547,7/10/2018,21.0,0.0,True
1106,0,38.91152,-122.86854,7/21/2018,22.0,0.0,True
1107,0,40.27754,-122.11375,7/15/2018,31.7,0.0,True
1108,0,35.96689,-121.28185,2/7/2018,13.7,0.0,True
1109,0,37.69926,-122.02805,8/26/2018,17.2,0.0,True
1110,0,37.86339,-122.12351,7/2/2018,17.8,0.0,True
1111,0,38.07135,-122.76751,12/31/2018,9.8,0.0,True
1112,0,39.57202,-121.43131,7/19/2018,30.9,0.0,True
1113,0,33.56921,-116.154398,7/23/2018,41.5,0.0,True
1114,0,37.28365,-119.97546,7/19/2018,29.2,0.0,True
1115,0,37.779209,-121.908976,6/19/2018,18.3,0.0,True
1116,0,39.549167,-121.521111,6/16/2018,21.6,0.0,True
1117,0,36.796,-121.40604,7/25/2018,21.9,0.0,True
1118,0,40.60866,-122.38366,10/14/2018,20.6,0.0,True
1119,0,32.78031,-117.06782,6/3/2018,19.7,0.0,True
1120,0,35.64917,-120.71907,7/21/2018,23.8,0.0,True
1121,0,41.58233,-122.33769,6/3/2018,21.7,0.0,True
1122,0,38.981389,-122.97222,9/2/2018,20.8,0.0,True
1123,0,33.640051,-117.085354,8/27/2018,21.8,0.0,True
1124,0,39.62194,-123.28774,11/8/2018,6.3,0.0,True
1125,0,33.759722,-117.460278,8/6/2018,28.5,0.0,True
1126,0,40.95673,-121.6002,7/29/2018,26.2,0.0,True
1127,0,36.83036,-121.36446,6/3/2018,19.6,0.0,True
1128,0,35.17156,-118.51651,8/17/2018,24.7,0.0,True
1129,0,37.71173,-121.55604,7/25/2018,25.1,0.0,True
1130,0,36.42638,-118.70443,7/19/2018,31.1,0.0,True
1131,0,39.84151,-121.62168,9/24/2018,23.1,0.0,True
1132,0,40.00293,-122.44008,7/14/2018,31.1,0.0,True
1133,0,34.17711,-117.15381,6/30/2018,19.2,0.0,True
1134,0,36.938674,-119.3127769,10/2/2018,23.8,0.18,True
1135,0,33.97902,-117.20534,8/25/2018,22.9,0.0,True
1136,0,41.08583,-121.05722,7/15/2018,21.2,3.3,True
1137,0,38.886518,-122.476381,6/16/2018,16.0,0.0,True
1138,0,40.62693,-122.23449,7/8/2018,27.5,0.0,True
1139,0,37.33563,-121.75815,9/23/2018,18.3,0.0,True
1140,0,37.99618,-122.14097,8/17/2018,22.9,0.0,True
1141,0,37.533026,-121.79733,8/4/2018,23.9,0.0,True
1142,0,33.85852,-117.43521,7/28/2018,25.9,0.0,True
1143,0,35.68539,-120.95157,7/21/2018,22.6,0.0,True
1144,0,38.595865,-121.17693,6/29/2018,24.8,0.0,True
1145,0,35.92436,-119.94083,4/12/2018,13.3,0.55,True
1146,0,32.557566,-116.8663,7/17/2018,21.0,0.0,True
1147,0,41.791859,-122.513883,5/19/2018,16.6,1.12,True
1148,0,35.826333,-118.9821,5/18/2018,21.0,0.0,True
1149,0,33.80406,-116.93188,9/14/2018,27.5,0.0,True
1150,0,38.015323,-121.998967,6/16/2018,17.5,0.01,True
1151,0,35.71859,-120.64028,5/29/2018,22.1,0.0,True
1152,0,38.91842,-122.85276,9/3/2018,19.4,0.0,True
1153,0,33.946896,-117.066643,8/22/2018,24.3,0.0,True
1154,0,37.99113,-121.86473,6/2/2018,25.0,0.0,True
1155,0,40.201826,-122.29388,6/1/2018,22.2,0.0,True
1156,0,37.69965,-120.0545,8/4/2018,22.8,0.0,True
1157,0,33.86439,-117.48144,4/9/2018,23.6,0.0,True
1158,0,37.81111,-121.7944,11/15/2018,8.7,0.0,True
1159,0,37.61158,-121.94182,11/14/2018,10.4,0.0,True
1160,0,37.07793,-121.600023,7/25/2018,20.5,0.0,True
1161,0,37.627119,-121.806775,6/17/2018,17.3,0.0,True
1162,0,33.524412,-116.821724,6/14/2018,25.0,0.0,True
1163,0,39.602703,-121.617698,6/14/2018,26.5,0.0,True
1164,0,34.110516,-118.427886,6/12/2018,22.1,0.0,True
1165,0,39.89075,-120.18499,4/26/2018,15.9,0.0,True
1166,0,33.40178,-117.27467,5/9/2018,17.3,0.0,True
1167,0,33.88744,-117.16232,4/22/2018,20.0,0.0,True
1168,0,37.0125,-122.046,11/3/2018,16.3,0.0,True
1169,0,38.265645,-120.892404,6/17/2018,17.3,0.0,True
1170,0,33.742,-117.28189,6/3/2018,23.3,0.0,True
1171,0,39.10494,-121.07039,8/12/2018,27.0,0.0,True
1172,0,41.34453,-123.85404,7/15/2018,13.5,0.0,True
1173,0,37.21803,-121.76828,5/27/2018,17.5,0.0,True
1174,0,41.94046,-122.43933,10/10/2018,10.0,0.0,True
1175,0,41.52123,-120.72362,9/2/2018,18.8,0.0,True
1176,0,33.467999,-117.003829,5/4/2018,22.4,0.0,True
1177,0,33.711263,-116.164058,4/15/2018,22.9,0.0,True
1178,0,33.05737,-116.77154,8/6/2018,26.9,0.0,True
1179,0,35.70086,-120.97339,7/17/2018,20.9,0.0,True
1180,0,39.99309,-120.02137,7/14/2018,26.2,4.06,True
1181,0,38.64953,-122.01762,6/1/2018,20.1,0.0,True
1182,0,40.678889,-122.400556,9/4/2018,26.7,0.0,True
1183,0,33.04898,-116.78928,7/20/2018,23.4,0.0,True
1184,0,36.10499,-120.55324,6/2/2018,23.7,0.0,True
1185,0,40.49618,-122.51597,10/14/2018,20.5,0.0,True
1186,0,38.7448,-120.65672,9/20/2018,22.2,0.0,True
1187,0,34.171786,-117.35606,7/13/2018,27.3,0.0,True
1188,0,37.22791,-119.50461,7/10/2018,27.6,0.0,True
1189,0,37.97638,-122.5275,6/9/2018,17.0,0.0,True
1190,0,33.40769,-117.22974,6/5/2018,17.7,0.0,True
1191,0,41.64805,-122.98442,6/4/2018,17.8,0.0,True
1192,0,35.75737,-120.91793,6/3/2018,22.9,0.0,True
1193,0,38.16303,-122.23059,5/21/2018,15.6,0.0,True
1194,0,37.73835,-121.6039,5/14/2018,14.8,0.0,True
1195,0,33.12213,-116.58759,5/10/2018,17.5,0.0,True
1196,0,39.66492,-121.51772,7/10/2018,29.0,0.0,True
1197,0,37.19817,-119.80414,7/9/2018,27.7,0.0,True
1198,0,33.47413,-117.31468,6/3/2018,19.5,0.0,True
1199,0,40.4635,-121.77419,3/27/2018,17.3,0.0,True
1200,0,37.12857,-122.12036,11/16/2018,11.1,0.0,True
1201,0,40.888785,-124.001849,11/12/2018,8.2,0.0,True
1202,0,39.93427,-121.54103,10/15/2018,18.1,0.0,True
1203,0,33.627006,-117.171731,8/19/2018,24.9,0.0,True
1204,0,38.27229,-122.26389,8/9/2018,20.1,0.0,True
1205,0,41.632373,-122.37985,7/17/2018,27.2,0.0,True
1206,0,32.619855,-116.764733,7/6/2018,26.3,0.0,True
1207,0,39.6139,-121.954098,6/29/2018,28.3,0.0,True
1208,0,35.05747,-120.39295,6/21/2018,14.8,0.0,True
1209,0,35.77017,-120.57833,6/19/2018,22.0,0.0,True
1210,0,38.245151,-122.44408,6/5/2018,15.3,0.0,True
1211,0,32.75072,-116.92404,6/3/2018,19.2,0.0,True
1212,0,39.80827,-122.3307,6/3/2018,28.9,0.0,True
1213,0,33.45014,-117.22215,6/2/2018,19.4,0.0,True
1214,0,33.53924,-116.10231,5/28/2018,31.4,0.0,True
1215,0,39.71217,-121.77385,11/29/2018,11.0,31.61,True
1216,0,40.70258,-123.55012,4/24/2018,12.4,0.0,True
1217,0,34.282179,-118.803389,10/30/2019,16.9,0.0,True
1218,0,37.536069,-120.177018,8/16/2019,27.9,0.0,True
1219,0,33.9925,-117.059167,10/10/2019,14.9,0.0,True
1220,0,40.00171,-122.25421,10/27/2019,15.3,0.0,True
1221,0,34.01778,-117.4625,10/30/2019,15.8,0.0,True
1222,0,38.838992,-121.325842,11/25/2019,8.4,0.44,True
1223,0,35.79069,-120.73102,10/9/2019,15.3,0.0,True
1224,0,35.79069,-120.73102,10/9/2019,15.3,0.0,True
1225,0,37.241427,-120.027731,7/21/2019,26.7,0.0,True
1226,0,36.319291,-120.460189,10/18/2019,14.7,0.0,True
1227,0,40.900458,-121.320838,8/7/2019,22.2,0.0,True
1228,0,33.8615,-116.897333,10/10/2019,20.9,0.0,True
1229,0,37.828267,-122.103867,10/10/2019,17.6,0.0,True
1230,0,33.259861,-117.027333,10/25/2019,25.7,0.0,True
1231,0,37.62782,-121.68598,10/24/2019,22.3,0.0,True
1232,0,37.420988,-121.371276,7/18/2019,23.2,0.0,True
1233,0,40.463936,-122.435492,7/12/2019,29.8,0.0,True
1234,0,38.115224,-120.78068,7/18/2019,26.2,0.0,True
1235,0,34.202883,-116.4449,8/3/2019,32.4,0.0,True
1236,0,32.794768,-116.839743,7/17/2019,19.7,0.0,True
1237,0,38.538467,-120.965105,9/29/2019,13.0,1.09,True
1238,0,37.093243,-121.586846,7/12/2019,19.0,0.0,True
1239,0,38.045866,-122.245186,10/15/2019,13.5,0.0,True
1240,0,33.463991,-116.914799,8/27/2019,23.8,0.0,True
1241,0,39.613783,-123.458782,10/4/2019,14.1,0.0,True
1242,0,37.178353,-122.07743,9/3/2019,19.8,0.0,True
1243,0,38.792458,-122.780053,10/23/2019,19.6,0.0,True
1244,0,40.061389,-120.680556,9/4/2019,20.2,0.0,True
1245,0,41.79591,-121.260305,7/28/2019,21.7,0.0,True
1246,0,37.034,-118.345,9/6/2019,23.1,0.0,True
1247,0,34.302212,-118.997115,10/31/2019,18.2,0.0,True
1248,0,40.12,-122.64,9/5/2019,28.1,0.0,True
1249,0,34.32988,-118.48161,10/10/2019,20.8,0.0,True
1250,0,41.748,-121.056,9/6/2019,18.4,0.0,True
1251,0,37.604638,-119.96606,10/6/2019,17.1,0.0,True
1252,0,40.109,-122.789,9/5/2019,27.9,0.0,True
1253,0,37.826,-118.872,9/6/2019,20.1,0.0,True
1254,0,34.472778,-118.368056,10/24/2019,23.5,0.0,True
1255,0,38.724,-120.145,10/11/2019,3.7,0.0,True
1256,0,40.593,-120.581,8/28/2019,24.8,0.3,True
1257,0,34.5025,-119.785,11/25/2019,13.8,0.0,True
1258,0,36.28426,-120.94771,6/26/2019,18.1,0.0,True
1259,0,40.036379,-122.637837,11/3/2019,13.8,0.0,True
1260,0,38.88978,-122.23922,6/8/2019,23.5,0.0,True
1261,0,35.72057,-119.62762,5/7/2019,19.3,0.0,True
1262,0,39.892222,-120.029722,8/24/2019,24.4,0.0,True
1263,0,37.46577,-121.28312,6/26/2019,20.6,0.0,True
1264,0,36.284,-118.228,9/6/2019,22.1,0.0,True
1265,0,33.528469,-117.273157,9/4/2019,27.7,0.11,True
1266,0,41.862237,-122.662258,9/7/2019,20.1,0.0,True
1267,0,35.66318,-120.41128,6/12/2019,22.4,0.0,True
1268,0,32.573437,-116.658735,8/16/2019,19.5,0.0,True
1269,0,39.28926,-121.85906,6/8/2019,22.2,0.0,True
1270,0,42.033,-122.175,8/9/2019,19.1,0.6,True
1271,0,39.631945,-119.769881,7/13/2019,24.0,0.0,True
1272,0,35.343761,-119.913717,6/5/2019,18.5,0.0,True
1273,0,40.943799,-120.275298,8/8/2019,21.8,0.0,True
1274,0,35.63111111,-120.2691667,7/8/2019,17.0,0.0,True
1275,0,35.30759,-119.96498,5/29/2019,15.4,0.0,True
1276,0,37.908362,-121.872941,8/3/2019,23.4,0.0,True
1277,0,36.40193,-119.030621,8/31/2019,27.9,0.0,True
1278,0,34.098191,-118.478717,10/28/2019,17.7,0.0,True
1279,0,39.22431,-123.12887,10/27/2019,14.0,0.0,True
1280,0,38.751648,-121.432636,9/20/2019,19.2,0.0,True
1281,0,40.715556,-122.241944,8/22/2019,29.7,0.0,True
1282,0,37.25988,-121.09375,6/7/2019,18.8,0.0,True
1283,0,38.165873,-122.211671,10/6/2019,18.3,0.0,True
1284,0,33.919507,-117.103765,6/21/2019,18.2,0.0,True
1285,0,33.4853,-117.043723,9/14/2019,26.5,0.0,True
1286,0,39.45296,-121.412619,9/7/2019,21.9,0.0,True
1287,0,32.575556,-117.026667,8/1/2019,19.8,0.0,True
1288,0,35.60989,-118.41204,7/31/2019,28.1,0.0,True
1289,0,37.532028,-120.208019,8/15/2019,28.3,0.0,True
1290,0,34.484722,-120.190833,10/17/2019,15.3,0.0,True
1291,0,36.151,-118.185,9/6/2019,30.4,0.0,True
1292,0,33.975405,-117.207068,10/10/2019,18.7,0.0,True
1293,0,33.985972,-117.414111,10/31/2019,17.1,0.0,True
1294,0,35.908333,-120.984167,7/29/2019,22.2,0.0,True
1295,0,39.622137,-121.693472,9/28/2019,16.7,0.0,True
1296,0,37.63206,-121.538382,7/3/2019,19.4,0.0,True
1297,0,41.150392,-122.634108,9/7/2019,18.8,0.0,True
1298,0,36.008889,-121.466944,7/30/2019,16.3,0.0,True
1299,0,34.71011,-119.3547,9/1/2019,22.3,0.0,True
1300,0,40.679318,-120.392768,7/5/2019,21.7,0.0,True
1301,0,44.734,-120.606,9/6/2019,20.0,0.13,True
1302,0,36.18479,-118.99229,6/2/2019,23.9,0.0,True
1303,0,33.9369,-117.3063,9/7/2019,25.9,0.0,True
1304,0,40.062304,-123.222196,9/5/2019,22.3,0.0,True
1305,0,37.524378,-120.296551,7/8/2019,21.2,0.0,True
1306,0,37.708743,-121.841879,8/9/2019,20.1,0.0,True
1307,0,41.4929742,-123.2129356,9/7/2019,19.0,0.0,True
1308,0,39.005262,-123.195306,8/12/2019,22.5,0.0,True
1309,0,35.214364,-120.455883,9/21/2019,21.0,0.0,True
1310,0,33.911,-116.980528,6/29/2019,20.5,0.0,True
1311,0,37.016944,-119.934167,7/15/2019,27.4,0.0,True
1312,0,37.312877,-120.242411,6/29/2019,22.6,0.0,True
1313,0,37.21638,-121.70768,6/9/2019,23.9,0.0,True
1314,0,34.9008333,-118.9183333,7/21/2019,25.2,0.0,True
1315,0,39.28926,-121.85906,6/17/2019,26.0,0.0,True
1316,0,37.944751,-120.84372,7/15/2019,27.7,0.0,True
1317,0,34.183,-117.285,10/31/2019,16.0,0.0,True
1318,0,37.99136,-121.64118,10/27/2019,16.7,0.0,True
1319,0,34.23955,-119.20187,10/11/2019,23.9,0.0,True
1320,0,32.787656,-116.806941,9/24/2019,21.0,0.0,True
1321,0,34.630919,-120.187368,9/9/2019,16.3,0.0,True
1322,0,40.072739,-120.158273,7/14/2019,23.1,0.0,True
1323,0,37.32585,-121.110146,9/11/2019,21.3,0.0,True
1324,0,35.95191,-120.8092,7/9/2019,19.6,0.0,True
1325,0,38.158333,-122.118889,7/24/2019,24.0,0.0,True
1326,0,35.03855,-119.19454,5/3/2019,18.3,0.0,True
1327,0,33.635,-116.801111,9/15/2019,28.9,0.0,True
1328,0,36.600167,-120.8405,9/2/2019,22.7,0.0,True
1329,0,35.81778,-120.09715,4/28/2019,17.9,0.0,True
1330,0,40.484329,-122.159393,8/15/2019,32.9,0.0,True
1331,0,34.677864,-118.752395,8/3/2019,24.9,0.0,True
1332,0,33.997528,-117.769766,7/28/2019,26.6,0.0,True
1333,0,36.28001,-119.10974,6/1/2019,24.5,0.0,True
1334,0,38.03545,-122.2241,10/27/2019,16.5,0.0,True
1335,0,32.767649,-116.796032,7/28/2019,22.2,0.0,True
1336,0,38.73817,-121.39419,6/26/2019,20.6,0.0,True
1337,0,34.183624,-117.274276,10/24/2019,26.5,0.0,True
1338,0,37.45899,-121.22093,5/30/2019,19.9,0.0,True
1339,0,38.07205,-122.22463,10/27/2019,16.5,0.0,True
1340,0,37.71734,-121.55867,8/21/2019,22.4,0.0,True
1341,0,40.562,-120.544,8/24/2019,24.2,0.0,True
1342,0,34.366111,-118.96,7/14/2019,18.7,0.0,True
1343,0,40.886677,-120.336977,8/7/2019,23.8,0.0,True
1344,0,39.831762,-123.846013,7/27/2019,19.3,0.0,True
1345,0,33.650237,-116.172534,5/18/2019,25.5,0.0,True
1346,0,37.467744,-121.842751,9/21/2019,21.7,0.0,True
1347,0,41.909,-120.306,7/17/2019,19.5,0.0,True
1348,0,36.66909,-119.3046,5/29/2019,21.6,0.0,True
1349,0,33.39684,-117.29665,6/20/2019,17.4,0.0,True
1350,0,35.57376,-120.11738,6/10/2019,23.7,0.0,True
1351,0,35.65189,-118.92545,4/30/2019,17.0,0.0,True
1352,0,34.675542,-118.342239,8/13/2019,26.6,0.0,True
1353,0,41.43783,-120.23976,8/2/2019,20.4,0.0,True
1354,0,34.665699,-119.94974,7/28/2019,19.7,0.0,True
1355,0,32.566389,-116.7525,7/12/2019,19.5,0.0,True
1356,0,33.900994,-117.170588,9/21/2019,22.1,0.0,True
1357,0,33.055124,-116.742508,10/25/2019,24.8,0.0,True
1358,0,33.8128372,-117.1228851,7/13/2019,27.1,0.0,True
1359,0,35.004722,-120.435278,7/24/2019,19.2,0.0,True
1360,0,33.740219,-117.333728,8/5/2019,27.2,0.0,True
1361,0,34.156389,-118.950833,10/10/2019,21.3,0.0,True
1362,0,41.749667,-123.000833,9/15/2019,18.3,2.82,True
1363,0,37.962557,-121.468074,7/16/2019,24.2,0.0,True
1364,0,40.41404,-122.66779,6/26/2019,21.8,0.0,True
1365,0,38.898915,-120.946657,9/3/2019,29.0,0.0,True
1366,0,38.3525,-121.123611,8/2/2019,24.2,0.0,True
1367,0,37.838333,-120.625556,9/23/2019,23.5,0.0,True
1368,0,41.834366,-122.656569,7/27/2019,25.3,0.0,True
1369,0,38.455,-121.969167,8/13/2019,26.7,0.0,True
1370,0,34.42386,-117.10318,7/22/2019,20.9,0.88,True
1371,0,33.514658,-116.7884,7/16/2019,27.6,0.0,True
1372,0,39.551423,-121.800538,10/24/2019,21.9,0.0,True
1373,0,33.77777348,-117.487578,8/25/2019,26.3,0.0,True
1374,0,32.57394,-116.760465,8/15/2019,20.7,0.0,True
1375,0,37.433192,-121.807258,7/24/2019,24.1,0.0,True
1376,0,33.56938,-116.07896,7/12/2019,38.8,0.0,True
1377,0,39.24678,-121.32399,6/25/2019,25.3,0.0,True
1378,0,39.24678,-121.32399,6/24/2019,26.8,0.0,True
1379,0,39.100408,-122.496548,11/5/2019,13.3,0.0,True
1380,0,37.18904,-121.694968,7/2/2019,17.3,0.0,True
1381,0,39.15641,-121.56363,6/8/2019,22.3,0.0,True
1382,0,39.847708,-122.1604,10/9/2019,17.9,0.0,True
1383,0,37.896231,-122.636471,10/24/2019,23.8,0.0,True
1384,0,38.20177,-120.827386,9/22/2019,22.1,0.0,True
1385,0,35.906482,-120.992914,9/1/2019,26.7,0.0,True
1386,0,39.11536,-120.76088,5/10/2019,15.5,0.0,True
1387,0,38.481258,-122.143942,7/22/2019,25.8,0.0,True
1388,0,41.70611111,-123.4375,10/4/2019,11.9,0.3,True
1389,0,39.98097,-122.30737,5/20/2019,14.4,0.27,True
1390,0,37.166674,-122.361112,10/24/2019,24.1,0.0,True
1391,0,37.219717,-121.761974,8/15/2019,25.6,0.0,True
1392,0,39.470333,-121.412333,9/6/2019,24.4,0.0,True
1393,0,37.968494,-121.678172,8/7/2019,21.0,0.0,True
1394,0,40.387772,-120.304341,10/13/2019,8.9,0.0,True
1395,0,33.57039,-116.1466,5/29/2019,29.1,0.0,True
1396,0,38.955024,-122.833831,9/7/2019,17.6,0.0,True
1397,0,35.189783,-120.1755,10/1/2019,14.9,0.0,True
1398,0,32.87833333,-116.88,9/25/2019,21.6,0.0,True
1399,0,32.564583,-116.834583,10/31/2019,18.0,0.0,True
1400,0,37.97911,-122.11092,10/27/2019,16.3,0.0,True
1401,0,38.622058,-121.114095,8/2/2019,24.5,0.0,True
1402,0,38.63047,-122.47282,6/8/2019,21.7,0.0,True
1403,0,39.85484,-121.905,5/1/2019,17.8,0.0,True
1404,0,37.32555556,-121.7644444,7/15/2019,21.8,0.0,True
1405,0,35.89593,-118.94106,6/10/2019,28.5,0.0,True
1406,0,40.46968,-122.54364,8/12/2019,27.5,0.0,True
1407,0,39.97083,-122.48277,6/22/2019,28.0,0.0,True
1408,0,33.69078,-114.57265,5/30/2019,29.4,0.0,True
1409,0,38.017138,-120.945044,9/5/2019,26.1,0.0,True
1410,0,35.97059,-120.88241,6/12/2019,23.4,0.0,True
1411,0,34.055768,-118.554091,10/21/2019,24.8,0.0,True
1412,0,40.4988,-122.19911,10/10/2019,18.6,0.0,True
1413,0,39.06066,-121.35014,7/6/2019,26.0,0.0,True
1414,0,37.034183,-121.45597,8/25/2019,19.6,0.0,True
1415,0,38.652475,-120.826165,8/15/2019,28.9,0.0,True
1416,0,41.838,-122.845,7/27/2019,25.1,0.0,True
1417,0,37.44422,-121.84082,6/10/2019,28.5,0.0,True
1418,0,33.854597,-117.270144,9/12/2019,24.1,0.0,True
1419,0,33.4506,-116.857817,8/22/2019,20.9,0.0,True
1420,0,39.171091,-121.423281,8/10/2019,23.1,0.0,True
1421,0,36.23012,-118.85712,6/3/2019,25.1,0.0,True
1422,0,35.709176,-120.312856,10/11/2019,15.6,0.0,True
1423,0,38.07944444,-122.2561111,9/26/2019,21.5,0.0,True
1424,0,40.55924,-122.25409,8/4/2019,29.8,0.0,True
1425,0,40.41741,-122.767256,7/5/2019,27.5,0.0,True
1426,0,37.75427,-121.57382,6/21/2019,20.5,0.0,True
1427,0,40.61805556,-123.6755556,1/1/2019,4.3,0.0,True
1428,0,37.066483,-121.219163,10/7/2019,19.0,0.0,True
1429,0,35.287373,-118.623651,8/5/2019,26.3,0.0,True
1430,0,38.910498,-122.642572,9/4/2019,20.2,0.0,True
1431,0,32.62305556,-116.9141667,6/29/2019,19.6,0.0,True
1432,0,38.75263,-121.39259,6/7/2019,18.5,0.0,True
1433,0,33.81678,-117.18194,5/20/2019,14.0,0.31,True
1434,0,38.88913,-122.604425,10/17/2019,15.0,0.0,True
1435,0,36.154184,-120.634179,9/30/2019,14.0,0.0,True
1436,0,32.557546,-116.873955,8/25/2019,24.9,0.0,True
1437,0,32.557546,-116.873955,8/25/2019,24.9,0.0,True
1438,0,37.469,-121.3697,7/5/2019,24.8,0.0,True
1439,0,36.14246,-118.80582,6/3/2019,25.1,0.0,True
1440,0,37.99837,-122.16201,7/5/2019,21.5,0.0,True
1441,0,38.21416,-122.12214,6/7/2019,17.4,0.0,True
1442,0,38.02503,-121.9763,6/6/2019,19.6,0.0,True
1443,0,32.557566,-116.8663,5/13/2019,17.6,0.0,True
1444,0,37.949747,-120.420058,8/8/2019,23.1,0.0,True
1445,0,39.088333,-122.309167,8/14/2019,28.9,0.0,True
1446,0,33.909792,-117.004667,8/12/2019,22.4,0.0,True
1447,0,38.99174,-122.7751,8/8/2019,18.6,0.0,True
1448,0,33.69055556,-116.953889,7/11/2019,25.7,0.0,True
1449,0,33.80493,-117.15738,6/27/2019,20.5,0.0,True
1450,0,33.849906,-117.461363,11/1/2019,16.5,0.0,True
1451,0,33.703546,-117.033598,9/30/2019,15.5,0.0,True
1452,0,37.718636,-121.657011,8/31/2019,23.7,0.0,True
1453,0,37.429506,-121.336465,10/3/2019,16.1,0.0,True
1454,0,36.732866,-121.39478,9/4/2019,19.6,0.0,True
1455,0,37.494136,-121.534827,6/26/2019,18.2,0.0,True
1456,0,39.76242,-121.73659,6/15/2019,24.2,0.0,True
1457,0,41.64895,-122.35962,6/14/2019,23.6,0.0,True
1458,0,40.612556,-122.039167,9/24/2019,29.2,0.0,True
1459,0,38.703889,-120.890556,8/14/2019,28.1,0.0,True
1460,0,41.512917,-122.740333,9/7/2019,19.0,0.0,True
1461,0,34.353667,-117.343833,9/2/2019,26.9,0.2,True
1462,0,33.30267,-116.97772,6/10/2019,24.5,0.0,True
1463,0,38.757636,-120.75664,7/30/2019,24.1,0.0,True
1464,0,37.606,-121.853,10/8/2019,19.6,0.0,True
1465,0,39.32889,-121.23431,6/29/2019,23.3,0.0,True
1466,0,34.033117,-117.21545,10/21/2019,22.1,0.0,True
1467,0,40.314187,-122.070055,10/7/2019,20.2,0.0,True
1468,0,37.492002,-120.401028,9/13/2019,24.9,0.0,True
1469,0,37.545167,-121.596667,9/2/2019,21.6,0.0,True
1470,0,32.762706,-117.097441,10/15/2019,19.3,0.0,True
1471,0,39.847708,-122.160416,10/9/2019,17.9,0.0,True
1472,0,38.332083,-120.67131,9/25/2019,26.7,0.0,True
1473,0,33.496633,-116.631106,9/10/2019,27.5,0.0,True
1474,0,39.423833,-121.579738,7/23/2019,29.4,0.0,True
1475,0,41.94622,-122.40157,6/16/2019,23.0,0.0,True
1476,0,39.83958,-121.957,4/30/2019,16.9,0.0,True
1477,0,33.827979,-117.499619,10/10/2019,19.9,0.0,True
1478,0,39.40972222,-121.0005556,6/28/2019,18.2,0.0,True
1479,0,38.734634,-121.729691,11/25/2019,10.2,0.0,True
1480,0,33.351145,-117.403719,10/22/2019,22.1,0.0,True
1481,0,33.45148,-116.05898,10/14/2019,23.0,0.0,True
